brand,processor_name,processor_cores,processor_speed,os,ram,storage,battery_capacity,DualSim,is_5G,wifi,ppi,camera,price
OnePlus,Snapdragon,8.0,3.2,Android,12.0,256.0,5000,1,1,1,525.9210168998101,66.0,54999
OnePlus,Snapdragon,8.0,2.2,Android,6.0,128.0,5000,1,1,1,401.0247511261829,80.0,19989
Samsung,Exynos,8.0,2.4,Android,4.0,64.0,5000,1,1,1,399.8640724050703,63.0,16499
Motorola,Snapdragon,8.0,2.2,Android,6.0,128.0,5000,1,1,1,401.8023609061614,66.0,14999
Realme,Dimensity,8.0,2.6,Android,6.0,128.0,5000,1,1,1,394.44076267485747,124.0,24999
Samsung,Snapdragon,8.0,2.2,Android,6.0,128.0,5000,1,1,1,399.8640724050703,58.0,16999
Apple,Bionic,6.0,3.22,iOS,6.0,128.0,3279,1,1,1,457.2543463119592,24.0,65999
Xiaomi,Dimensity,8.0,2.6,Android,8.0,256.0,4980,1,1,1,394.57353282389164,216.0,29999
Others,Snapdragon,8.0,2.5,Android,8.0,128.0,4500,1,1,1,401.8023609061614,66.0,26749
OnePlus,Dimensity,8.0,3.0,Android,8.0,128.0,4500,1,1,1,409.3010052776606,82.0,28999
Realme,Snapdragon,8.0,2.2,Android,6.0,128.0,5000,1,1,1,391.6377178475234,124.0,18999
OPPO,Dimensity,8.0,2.2,Android,8.0,128.0,5000,1,1,1,269.1291008656963,58.0,18999
Xiaomi,Dimensity,8.0,2.6,Android,6.0,128.0,5000,1,1,1,394.57353282389164,66.0,24762
Vivo,Snapdragon,8.0,2.2,Android,6.0,128.0,5000,1,1,1,401.07946472241093,66.0,16990
Samsung,Snapdragon,8.0,3.2,Android,8.0,256.0,5000,1,1,1,501.0659916893998,212.0,114990
Apple,Bionic,6.0,3.22,iOS,4.0,128.0,3240,1,1,1,457.2543463119592,24.0,62999
Vivo,Helio,8.0,2.3,Android,3.0,32.0,5000,1,0,1,269.5141284111989,18.0,9999
OPPO,Snapdragon,8.0,3.2,Android,16.0,256.0,4700,1,1,1,394.44076267485747,82.0,45999
OnePlus,Dimensity,8.0,2.85,Android,8.0,128.0,5000,1,1,1,394.44076267485747,66.0,32999
Vivo,Helio,8.0,2.0,Android,4.0,64.0,5000,1,0,1,269.5399849891553,58.0,14499
OnePlus,Snapdragon,8.0,3.2,Android,8.0,128.0,5000,1,1,1,394.44076267485747,66.0,39999
Vivo,Dimensity,8.0,3.0,Android,8.0,128.0,4830,1,1,1,397.85639181347983,96.0,35999
POCO,Snapdragon,8.0,2.2,Android,6.0,64.0,5000,1,1,1,394.57353282389164,80.0,14999
Xiaomi,Snapdragon,8.0,2.0,Android,4.0,128.0,5000,1,1,1,394.57353282389164,61.0,17859
Vivo,Dimensity,8.0,3.2,Android,12.0,256.0,4800,1,1,1,392.8067856619936,96.0,42990
Samsung,Snapdragon,8.0,2.84,Android,8.0,128.0,4500,1,1,1,404.89314829774725,44.0,31239
OnePlus,Snapdragon,8.0,2.2,Android,8.0,128.0,5000,1,1,1,401.0247511261829,80.0,21995
Apple,Bionic,6.0,2.4,iOS,6.0,128.0,4323,1,1,1,459.5879875379156,60.0,129990
Vivo,Dimensity,8.0,2.0,Android,8.0,128.0,4500,1,1,1,409.7985835207242,114.0,27999
OnePlus,Snapdragon,8.0,3.2,Android,8.0,128.0,4500,1,1,1,525.9210168998101,66.0,69999
Realme,Snapdragon,8.0,2.2,Android,8.0,128.0,5000,1,1,1,391.6377178475234,124.0,19999
POCO,Snapdragon,8.0,2.4,Android,6.0,128.0,5000,1,1,1,394.57353282389164,124.0,20999
Vivo,Dimensity,8.0,2.2,Android,8.0,256.0,4700,1,1,1,401.18985730721914,114.0,27990
Apple,Bionic,6.0,2.65,iOS,4.0,64.0,3110,1,0,1,323.613699324913,24.0,38999
Samsung,Dimensity,8.0,2.4,Android,6.0,128.0,5000,1,1,1,392.8067856619936,140.0,23790
Samsung,Exynos,8.0,2.9,Android,8.0,128.0,4500,1,1,1,402.68871740464743,44.0,39999
OPPO,Snapdragon,8.0,2.2,Android,8.0,256.0,5000,1,1,1,394.57353282389164,124.0,29990
Samsung,Snapdragon,8.0,3.0,Android,12.0,256.0,5000,1,1,1,500.0,148.0,91999
Xiaomi,Snapdragon,8.0,2.36,Android,6.0,128.0,5200,1,1,1,402.79364037010095,140.0,32999
OPPO,Snapdragon,8.0,2.4,Android,8.0,256.0,4500,1,1,1,394.44076267485747,96.0,28499
OnePlus,Snapdragon,8.0,2.2,Android,6.0,128.0,5000,1,1,1,394.44076267485747,124.0,21999
Xiaomi,Snapdragon,8.0,2.2,Android,6.0,128.0,5000,1,1,1,394.57353282389164,124.0,19999
Motorola,Dimensity,8.0,2.4,Android,6.0,128.0,5000,1,1,1,394.57353282389164,140.0,18999
Realme,Dimensity,8.0,2.6,Android,8.0,256.0,5000,1,1,1,394.44076267485747,124.0,27999
Vivo,Snapdragon,8.0,2.4,Android,8.0,128.0,5000,1,0,1,401.07946472241093,66.0,18499
Samsung,Exynos,8.0,2.4,Android,6.0,128.0,6000,1,1,1,398.7584036265693,58.0,17478
Xiaomi,Snapdragon,8.0,2.4,Android,4.0,64.0,5000,1,0,1,409.3010052776606,63.0,11936
Realme,Unisoc,8.0,1.8,Android,3.0,32.0,5000,1,0,1,269.92876553183146,55.0,8950
Vivo,Helio,8.0,2.3,Android,4.0,64.0,5000,1,0,1,269.5141284111989,18.0,12489
Samsung,Snapdragon,8.0,2.36,Android,8.0,128.0,5000,1,1,1,394.44076267485747,140.0,42999
Samsung,Exynos,8.0,2.4,Android,6.0,128.0,5000,1,1,1,399.8640724050703,63.0,18999
iQOO,Dimensity,8.0,3.1,Android,8.0,128.0,5000,1,1,1,388.1718973355984,80.0,29999
Others,Snapdragon,8.0,2.2,Android,4.0,32.0,5000,1,1,1,269.92876553183146,21.0,11990
Motorola,Snapdragon,8.0,2.2,Android,6.0,128.0,5000,1,1,1,398.7584036265693,66.0,18999
Realme,Helio,8.0,2.2,Android,4.0,64.0,5000,1,0,1,411.2196037398995,66.0,13999
Realme,Dimensity,8.0,2.4,Android,4.0,64.0,5000,1,1,1,399.8640724050703,58.0,14965
Apple,Bionic,6.0,3.22,iOS,6.0,128.0,4325,1,1,1,456.7734819486999,24.0,74999
Xiaomi,Helio,8.0,2.05,Android,6.0,64.0,5000,1,0,1,409.3010052776606,77.0,10999
Samsung,Snapdragon,8.0,3.2,Android,8.0,256.0,4700,1,1,1,390.48602899844605,62.0,84990
Motorola,Snapdragon,8.0,2.4,Android,4.0,64.0,5000,1,0,1,401.8023609061614,66.0,10499
Xiaomi,Dimensity,8.0,2.0,Android,6.0,128.0,5000,1,1,1,402.79364037010095,124.0,17990
Vivo,Snapdragon,8.0,3.2,Android,8.0,128.0,4600,1,1,1,388.1718973355984,114.0,29990
Samsung,Snapdragon,8.0,2.4,Android,6.0,128.0,5000,1,0,1,399.8640724050703,58.0,18499
Vivo,Helio,8.0,2.0,Android,6.0,128.0,5000,1,0,1,269.5399849891553,58.0,16499
POCO,Dimensity,8.0,2.4,Android,6.0,128.0,5000,1,1,1,398.7584036265693,66.0,14999
Vivo,Dimensity,8.0,3.1,Android,8.0,256.0,4600,1,1,1,388.1718973355984,100.0,35499
OnePlus,Snapdragon,8.0,3.0,Android,8.0,128.0,5000,1,1,1,525.9210168998101,82.0,60999
Xiaomi,Dimensity,8.0,2.6,Android,12.0,256.0,4980,1,1,1,394.57353282389164,216.0,32999
Samsung,Snapdragon,8.0,2.2,Android,4.0,128.0,5000,1,1,1,399.8640724050703,58.0,15999
OPPO,Snapdragon,8.0,3.2,Android,8.0,256.0,5000,1,1,1,369.90710136217587,67.0,99990
OPPO,Helio,8.0,2.3,Android,3.0,64.0,5000,1,0,1,269.1291008656963,13.0,9499
Vivo,Dimensity,8.0,2.5,Android,12.0,256.0,4200,1,1,1,408.66544471045916,114.0,27994
iQOO,Snapdragon,8.0,2.0,Android,4.0,64.0,5000,1,1,1,401.07946472241093,58.0,13989
OnePlus,Snapdragon,8.0,3.2,Android,8.0,128.0,4800,1,1,1,394.44076267485747,66.0,44999
Xiaomi,Dimensity,8.0,2.2,Android,6.0,128.0,5000,1,1,1,404.89314829774725,56.0,13999
Others,Tiger,4.0,2.0,Others,4.0,32.0,3500,1,0,1,280.2774721975886,18.0,6190
Apple,Bionic,6.0,3.22,iOS,6.0,128.0,3095,1,1,1,457.2543463119592,24.0,119900
OPPO,Snapdragon,8.0,2.2,Android,8.0,128.0,4800,1,1,1,399.97043524853456,96.0,27660
Samsung,Exynos,8.0,2.4,Android,6.0,128.0,5000,1,1,1,404.89314829774725,61.0,24999
Xiaomi,Helio,8.0,2.0,Android,4.0,64.0,5000,1,0,1,268.68866400565156,18.0,8388
Motorola,Helio,8.0,2.2,Android,6.0,128.0,5000,1,0,1,401.8023609061614,124.0,15999
Samsung,Exynos,8.0,2.4,Android,8.0,128.0,5000,1,1,1,399.8640724050703,63.0,20999
Realme,Dimensity,8.0,2.4,Android,4.0,64.0,5000,1,1,1,404.89314829774725,64.0,13999
Vivo,Snapdragon,8.0,2.2,Android,8.0,128.0,5000,1,1,1,401.07946472241093,66.0,19990
Samsung,Dimensity,8.0,2.2,Android,6.0,128.0,5000,1,1,1,269.92876553183146,55.0,13999
Motorola,Snapdragon,8.0,2.5,Android,6.0,128.0,4020,1,1,1,404.89314829774725,82.0,22999
Samsung,Snapdragon,8.0,2.2,Android,6.0,128.0,5000,1,1,1,399.8640724050703,58.0,22999
OPPO,Dimensity,8.0,2.4,Android,8.0,128.0,5000,1,1,1,269.1291008656963,56.0,16999
Xiaomi,Snapdragon,8.0,2.4,Android,6.0,128.0,5000,1,0,1,409.3010052776606,63.0,14290
Samsung,Snapdragon,8.0,2.4,Android,8.0,128.0,5000,1,1,1,392.8067856619936,140.0,41999
Vivo,Helio,8.0,2.3,Android,4.0,64.0,5000,1,0,1,269.5141284111989,21.0,13489
OnePlus,Dimensity,8.0,2.85,Android,8.0,128.0,5000,1,1,1,401.0247511261829,80.0,22990
Motorola,Snapdragon,8.0,2.2,Android,8.0,128.0,5000,1,1,1,401.8023609061614,66.0,16499
Vivo,Snapdragon,8.0,3.2,Android,12.0,256.0,4700,1,1,1,517.5625297807978,82.3,73999
Realme,Unisoc,8.0,1.8,Android,4.0,64.0,5000,1,0,1,269.92876553183146,55.0,9999
Realme,Snapdragon,8.0,2.4,Android,4.0,64.0,5000,1,0,1,400.4171378669008,66.0,12499
OPPO,Helio,8.0,2.3,Android,4.0,64.0,5000,1,0,1,269.1291008656963,55.0,12499
iQOO,Snapdragon,8.0,3.2,Android,8.0,256.0,5000,1,1,1,517.5625297807978,66.0,59999
Vivo,Snapdragon,8.0,3.0,Android,12.0,256.0,4600,1,1,1,359.56747090184024,67.0,106990
Vivo,Snapdragon,8.0,2.2,Android,4.0,128.0,5000,1,1,1,401.07946472241093,66.0,15990
Apple,Bionic,6.0,2.4,iOS,6.0,128.0,3200,1,1,1,461.4448931470025,60.0,119990
Xiaomi,Snapdragon,8.0,2.4,Android,6.0,128.0,5200,1,1,1,394.57353282389164,140.0,19999
Motorola,Snapdragon,8.0,2.9,Android,8.0,128.0,4400,1,1,1,410.1730658425303,82.0,23990
Realme,Dimensity,8.0,2.4,Android,8.0,128.0,5000,1,1,1,399.8640724050703,58.0,12999
OPPO,Dimensity,8.0,2.4,Android,8.0,128.0,4310,1,1,1,409.3010052776606,64.0,19990
Xiaomi,Snapdragon,8.0,3.2,Android,8.0,128.0,4820,1,1,1,521.4077194522747,82.3,58990
Vivo,Dimensity,8.0,3.2,Android,12.0,256.0,5000,1,1,1,391.0557895892061,140.0,43999
Samsung,Snapdragon,8.0,3.0,Android,8.0,128.0,3700,1,1,1,422.4930805556957,60.0,49999
Vivo,Snapdragon,8.0,2.4,Android,6.0,128.0,5000,1,0,1,409.7985835207242,66.0,15999
OnePlus,Dimensity,8.0,2.85,Android,12.0,256.0,5000,1,1,1,394.44076267485747,66.0,36999
Tecno,Dimensity,8.0,3.05,Android,8.0,256.0,5160,1,1,1,387.03021528461136,96.0,39999
Apple,Bionic,6.0,3.1,iOS,4.0,64.0,4605,1,1,1,362.21457849304045,67.0,51999
Xiaomi,Dimensity,8.0,2.85,Android,6.0,128.0,5080,1,1,1,407.0656941316021,80.0,22999
Samsung,Exynos,8.0,2.4,Android,6.0,128.0,5000,1,1,1,404.89314829774725,96.0,31999
Xiaomi,Helio,4.0,2.0,Android,2.0,32.0,5000,1,0,1,269.1007631835743,13.0,6171
OPPO,Dimensity,8.0,3.0,Android,8.0,128.0,4500,1,1,1,409.3010052776606,82.0,29340
Samsung,Dimensity,8.0,2.4,Android,8.0,128.0,5000,1,1,1,392.8067856619936,140.0,25289
iQOO,Snapdragon,8.0,2.4,Android,6.0,128.0,4700,1,1,1,409.23193495914916,80.0,21788
Others,Snapdragon,8.0,2.4,Android,16.0,512.0,5000,1,1,1,397.5706094135118,82.0,69999
Samsung,Snapdragon,8.0,3.2,Android,8.0,128.0,3900,1,1,1,422.4930805556957,62.0,70990
Motorola,Snapdragon,8.0,3.0,Android,8.0,128.0,4800,1,1,1,392.8067856619936,110.0,34999
OnePlus,Dimensity,8.0,3.0,Android,12.0,256.0,4500,1,1,1,409.3010052776606,82.0,33900
Others,Google,8.0,2.4,Android,6.0,128.0,4410,1,1,1,428.63281171585623,20.2,29999
Infinix,Dimensity,8.0,2.4,Android,8.0,128.0,5000,1,1,1,392.8067856619936,124.0,18999
Samsung,Exynos,8.0,2.4,Android,8.0,128.0,6000,1,1,1,398.7584036265693,58.0,19499
Vivo,Dimensity,8.0,2.5,Android,8.0,128.0,4200,1,1,1,408.66544471045916,114.0,24994
Motorola,Snapdragon,8.0,2.4,Android,4.0,64.0,5000,1,0,1,406.7705508400861,66.0,10999
OnePlus,Snapdragon,8.0,2.2,Android,8.0,256.0,5000,1,1,1,401.0247511261829,80.0,24999
Samsung,Exynos,8.0,2.4,Android,6.0,128.0,5000,1,1,1,411.2196037398995,61.0,25999
Others,Google,8.0,2.4,Android,6.0,128.0,4410,1,1,1,431.44351867792744,20.2,34990
Xiaomi,Dimensity,8.0,2.2,Android,4.0,64.0,5000,1,1,1,401.07946472241093,55.0,13466
Xiaomi,Snapdragon,8.0,2.3,Android,4.0,64.0,5020,1,0,1,394.57353282389164,64.0,9999
Motorola,Tiger,8.0,1.8,Android,4.0,64.0,5000,1,0,1,269.92876553183146,56.0,7999
Others,Snapdragon,8.0,2.5,Android,8.0,256.0,4500,1,1,1,401.8023609061614,66.0,28249
POCO,Snapdragon,8.0,2.2,Android,6.0,128.0,5000,1,1,1,394.57353282389164,80.0,16499
Xiaomi,Snapdragon,8.0,2.2,Android,8.0,256.0,5000,1,1,1,394.57353282389164,124.0,22999
Apple,Bionic,6.0,2.65,iOS,4.0,128.0,3110,1,0,1,323.613699324913,24.0,46999
Realme,Tiger,8.0,1.8,Android,6.0,128.0,5000,1,0,1,399.8640724050703,58.0,13999
OPPO,Snapdragon,8.0,2.4,Android,6.0,128.0,5000,1,0,1,401.0247511261829,66.0,13490
iQOO,Snapdragon,8.0,3.2,Android,8.0,128.0,4700,1,1,1,397.5536954585132,80.0,28999
iQOO,Snapdragon,8.0,2.2,Android,4.0,128.0,5000,1,1,1,401.07946472241093,66.0,15499
OPPO,Dimensity,8.0,2.85,Android,16.0,256.0,4500,1,1,1,394.44076267485747,82.0,39999
POCO,Dimensity,8.0,2.4,Android,4.0,64.0,5000,1,1,1,398.7584036265693,66.0,12999
Others,Snapdragon,4.0,2.4,Android,2.0,64.0,2800,1,0,1,293.7209560109731,7.0,4499
OnePlus,Snapdragon,8.0,1.8,Android,4.0,64.0,6000,1,0,1,263.5181790787059,21.0,14999
Samsung,Helio,8.0,2.3,Android,4.0,64.0,5000,1,0,1,269.92876553183146,18.0,8499
iQOO,Snapdragon,8.0,3.2,Android,8.0,128.0,4400,1,1,1,397.5536954585132,64.0,24990
Samsung,Exynos,8.0,2.4,Android,6.0,128.0,6000,1,1,1,404.89314829774725,96.0,16999
Xiaomi,Snapdragon,8.0,2.4,Android,4.0,64.0,6000,1,0,1,261.871190441329,55.0,9589
Apple,Bionic,6.0,3.1,iOS,4.0,64.0,4605,1,1,1,362.21457849304045,67.0,40999
Xiaomi,Snapdragon,8.0,2.0,Android,6.0,128.0,5000,1,1,1,394.57353282389164,61.0,19988
Motorola,Snapdragon,8.0,2.4,Android,4.0,64.0,5000,1,0,1,407.0656941316021,66.0,11999
Apple,Bionic,8.0,2.4,iOS,8.0,256.0,4352,1,1,1,458.14106722399544,62.0,142990
OPPO,Snapdragon,8.0,3.0,Android,8.0,128.0,5000,1,1,1,394.44076267485747,124.0,30990
Infinix,Dimensity,8.0,2.6,Android,8.0,256.0,5000,1,1,1,396.2586403050993,66.0,19499
Nokia,Snapdragon,4.0,1.3,Android,4.0,0.512,1450,1,0,1,148.14814814814815,67.0,4990
Realme,Tiger,8.0,1.82,Android,2.0,32.0,5000,1,0,1,269.92876553183146,13.0,5299
OPPO,Snapdragon,8.0,2.2,Android,8.0,128.0,4500,1,1,1,409.3010052776606,80.0,25969
Realme,Snapdragon,8.0,3.0,Android,6.0,128.0,5000,1,1,1,411.2196037398995,96.0,28999
OPPO,Snapdragon,8.0,3.2,Android,12.0,256.0,4520,1,1,1,369.90710136217587,67.0,94990
Realme,Snapdragon,8.0,2.4,Android,6.0,128.0,5000,1,0,1,411.2196037398995,124.0,14999
Others,Helio,8.0,2.2,Android,4.0,64.0,5000,1,0,1,411.2196037398995,66.0,14999
Apple,Bionic,6.0,3.22,iOS,6.0,128.0,4352,1,1,1,456.7734819486999,24.0,129900
OPPO,Snapdragon,8.0,3.2,Android,12.0,256.0,4700,1,1,1,392.6824829006753,96.0,58990
Vivo,Dimensity,8.0,3.05,Android,8.0,128.0,4810,1,1,1,452.8672135581981,82.0,41990
Samsung,Exynos,8.0,2.0,Android,4.0,64.0,6000,1,0,1,399.8640724050703,58.0,10999
Xiaomi,Helio,8.0,2.05,Android,6.0,128.0,5000,1,0,1,409.3010052776606,77.0,11999
Realme,Helio,8.0,2.2,Android,8.0,128.0,5000,1,0,1,411.2196037398995,66.0,16999
iQOO,Snapdragon,8.0,2.84,Android,8.0,128.0,4500,1,1,1,397.5536954585132,64.0,30990
Infinix,Dimensity,8.0,2.4,Android,4.0,64.0,5000,1,1,1,399.8640724050703,58.0,17999
Others,Tiger,4.0,2.0,Android,4.0,32.0,4000,1,0,1,262.7123130876395,13.0,5499
Xiaomi,Snapdragon,8.0,2.36,Android,6.0,128.0,5200,1,1,1,402.79364037010095,140.0,20499
Realme,Dimensity,8.0,2.5,Android,6.0,128.0,5000,1,1,1,411.2196037398995,64.0,20490
OPPO,Snapdragon,8.0,2.0,Android,6.0,128.0,5000,1,1,1,404.89314829774725,56.0,15490
Apple,Bionic,6.0,2.65,iOS,3.0,64.0,2050,0,0,1,325.6122832234166,19.0,29990
iQOO,Snapdragon,8.0,2.0,Android,6.0,128.0,5000,1,1,1,401.07946472241093,58.0,15499
Xiaomi,Helio,8.0,2.05,Android,6.0,64.0,5000,1,0,1,409.3010052776606,77.0,11999
Realme,Helio,8.0,2.0,Android,4.0,64.0,5000,1,0,1,400.4171378669008,66.0,10999
Vivo,Dimensity,8.0,2.2,Android,8.0,128.0,5000,1,1,1,401.07946472241093,66.0,21990
Vivo,Dimensity,8.0,2.0,Android,12.0,256.0,4500,1,1,1,409.7985835207242,114.0,31999
POCO,Helio,8.0,2.05,Android,6.0,64.0,5000,1,0,1,409.3010052776606,80.0,11999
Infinix,Dimensity,8.0,2.5,Android,8.0,256.0,4500,1,1,1,387.03021528461136,232.0,36999
Tecno,Helio,4.0,2.0,Android,3.0,32.0,5000,1,0,1,267.45990487147935,18.0,6999
Motorola,Snapdragon,8.0,3.2,Android,8.0,128.0,4600,1,1,1,392.8067856619936,110.0,39999
Samsung,Snapdragon,8.0,2.2,Android,4.0,128.0,5000,1,1,1,399.8640724050703,58.0,14999
Realme,Dimensity,8.0,2.2,Android,8.0,128.0,5000,1,1,1,399.8640724050703,58.0,14499
OnePlus,Dimensity,8.0,3.1,Android,8.0,128.0,4200,1,1,1,409.3010052776606,82.0,27999
Motorola,Snapdragon,8.0,2.2,Android,8.0,128.0,5000,1,1,1,398.7584036265693,66.0,20499
Others,Snapdragon,4.0,2.4,Android,4.0,64.0,5000,1,0,1,269.92876553183146,21.0,8099
Others,Tiger,4.0,1.8,Android,8.0,128.0,5000,1,0,1,269.92876553183146,18.0,10999
Realme,Helio,8.0,2.0,Android,3.0,32.0,4000,1,0,1,281.6620537037971,18.0,3499
Others,Helio,8.0,2.0,Android,4.0,64.0,2150,1,0,1,325.9255390249934,10.0,9990
Samsung,Snapdragon,8.0,2.84,Android,6.0,128.0,6000,1,1,1,396.2148590587024,96.0,34999
Nokia,Snapdragon,8.0,3.0,Android,12.0,256.0,6000,1,1,1,506.2101216397965,232.0,46999
Motorola,Snapdragon,8.0,2.9,Android,8.0,128.0,4400,1,1,1,401.8023609061614,82.0,39999
Realme,Tiger,8.0,1.8,Android,4.0,64.0,5000,1,0,1,399.8640724050703,58.0,11828
OPPO,Dimensity,8.0,2.85,Android,12.0,256.0,4500,1,1,1,394.44076267485747,82.0,45999
OnePlus,Snapdragon,8.0,2.2,Android,6.0,128.0,5000,1,1,1,401.0247511261829,66.0,18999
POCO,Snapdragon,8.0,2.2,Android,8.0,128.0,5000,1,1,1,394.57353282389164,80.0,17999
OPPO,Snapdragon,8.0,2.4,Android,8.0,128.0,5000,1,0,1,267.45990487147935,58.0,17999
Samsung,Exynos,8.0,2.4,Android,4.0,64.0,5000,1,0,1,399.8640724050703,58.0,14450
Motorola,Snapdragon,8.0,3.2,Android,8.0,128.0,4610,1,1,1,394.57353282389164,260.0,54999
Xiaomi,Snapdragon,8.0,3.2,Android,12.0,256.0,5000,1,1,1,531.6778715020923,140.0,71999
Motorola,Snapdragon,8.0,2.4,Android,6.0,128.0,5000,1,0,1,407.0656941316021,66.0,12999
POCO,Dimensity,8.0,2.2,Android,4.0,64.0,5000,1,1,1,399.97043524853456,58.0,11499
Others,Snapdragon,8.0,2.5,Android,12.0,256.0,4500,1,1,1,401.8023609061614,66.0,35999
Samsung,Exynos,8.0,2.4,Android,6.0,128.0,5000,1,1,1,411.2196037398995,82.0,34999
Tecno,Helio,8.0,2.2,Android,8.0,128.0,6000,1,0,1,257.2634862106898,58.0,11999
Xiaomi,Dimensity,8.0,2.6,Android,8.0,256.0,5000,1,1,1,394.57353282389164,66.0,27994
Apple,Bionic,6.0,2.4,iOS,6.0,256.0,4323,1,1,1,459.5879875379156,60.0,139990
Vivo,Dimensity,8.0,3.0,Android,12.0,256.0,4830,1,1,1,397.85639181347983,96.0,39999
Realme,Dimensity,8.0,2.4,Android,6.0,128.0,5000,1,1,1,404.89314829774725,64.0,15499
Realme,Snapdragon,8.0,2.2,Android,6.0,128.0,5000,1,1,1,400.4171378669008,80.0,18999
Others,Dimensity,8.0,2.2,Android,4.0,128.0,5000,1,1,1,269.92876553183146,58.0,10999
Others,Snapdragon,8.0,2.2,Android,8.0,256.0,5100,1,1,1,394.57353282389164,80.0,27999
Others,Google,8.0,2.85,Android,12.0,128.0,5000,1,1,1,512.8771724158693,60.8,81999
Tecno,Helio,8.0,2.0,Android,4.0,64.0,7000,1,0,1,386.5659829163415,58.0,9999
Vivo,Dimensity,8.0,3.0,Android,8.0,128.0,4300,1,1,1,397.85639181347983,158.0,31994
Samsung,Helio,8.0,2.3,Android,3.0,32.0,5000,1,0,1,269.92876553183146,18.0,9299
Xiaomi,Snapdragon,8.0,3.2,Android,8.0,128.0,5500,1,1,1,526.0980437651888,80.0,29990
Realme,Dimensity,8.0,2.5,Android,6.0,128.0,4500,1,1,1,411.2196037398995,66.0,25900
Realme,Dimensity,8.0,2.4,Android,6.0,128.0,5000,1,1,1,399.8640724050703,58.0,16999
Motorola,Snapdragon,8.0,2.5,Android,8.0,128.0,4020,1,1,1,404.89314829774725,82.0,24999
Xiaomi,Snapdragon,8.0,2.4,Android,6.0,64.0,5000,1,0,1,409.3010052776606,63.0,12188
Vivo,Helio,8.0,2.4,Android,3.0,32.0,5000,1,0,1,269.5141284111989,13.0,8999
POCO,Helio,8.0,2.3,Android,4.0,64.0,5000,1,0,1,268.68866400565156,18.0,7499
Realme,Dimensity,8.0,2.4,Android,6.0,128.0,5000,1,1,1,398.7584036265693,64.0,17999
Realme,Snapdragon,8.0,3.2,Android,6.0,128.0,5000,1,1,1,397.5536954585132,80.0,24999
OnePlus,Snapdragon,8.0,3.0,Android,12.0,256.0,5000,1,1,1,525.9210168998101,82.0,65499
iQOO,Snapdragon,8.0,3.2,Android,8.0,256.0,4700,1,1,1,517.5625297807978,66.0,58990
Vivo,Snapdragon,8.0,2.4,Android,4.0,64.0,5000,1,0,1,401.07946472241093,58.0,11999
Xiaomi,Snapdragon,8.0,2.4,Android,8.0,128.0,6000,1,0,1,268.6940272598955,55.0,11999
OPPO,Dimensity,8.0,2.2,Android,6.0,128.0,5000,1,1,1,269.1291008656963,58.0,18990
Vivo,Snapdragon,8.0,2.4,Android,4.0,128.0,5000,1,0,1,409.7985835207242,66.0,14499
Xiaomi,Snapdragon,8.0,3.2,Android,12.0,256.0,4500,1,1,1,359.8503740648379,67.0,106990
Vivo,Helio,8.0,2.3,Android,3.0,64.0,5000,1,0,1,269.5141284111989,18.0,10499
OPPO,Snapdragon,8.0,2.2,Android,8.0,256.0,4500,1,1,1,409.3010052776606,80.0,26990
Vivo,Helio,8.0,2.05,Android,8.0,128.0,4050,1,0,1,408.66544471045916,94.0,19990
Xiaomi,Dimensity,8.0,2.6,Android,8.0,256.0,4300,1,1,1,394.57353282389164,216.0,24999
OPPO,Helio,8.0,2.3,Android,4.0,64.0,5000,1,0,1,269.1291008656963,21.0,13969
Samsung,Snapdragon,8.0,2.4,Android,8.0,128.0,5000,1,1,1,394.44076267485747,140.0,44999
Vivo,Snapdragon,8.0,2.4,Android,8.0,128.0,4700,1,1,1,409.23193495914916,80.0,24999
Others,Google,8.0,2.85,Android,8.0,128.0,4355,1,1,1,417.7468990373583,60.8,53100
Xiaomi,Dimensity,8.0,2.4,Android,6.0,128.0,5000,1,1,1,398.7584036265693,66.0,16999
OPPO,Snapdragon,8.0,2.4,Android,8.0,128.0,4500,1,0,1,409.3010052776606,96.0,21899
Apple,Bionic,6.0,3.22,iOS,6.0,256.0,3279,1,1,1,457.2543463119592,24.0,75999
Motorola,Dimensity,8.0,2.2,Android,8.0,256.0,5000,1,1,1,404.89314829774725,66.0,25999
Others,Snapdragon,8.0,3.2,Android,8.0,128.0,6000,1,1,1,399.931222460765,66.0,46990
Motorola,Helio,8.0,2.0,Android,4.0,64.0,5000,1,0,1,406.7705508400861,63.0,9999
Tecno,Dimensity,8.0,3.05,Android,12.0,256.0,5160,1,1,1,387.03021528461136,82.0,49999
Infinix,Helio,8.0,2.2,Android,8.0,128.0,4500,1,0,1,392.8067856619936,168.0,17999
iQOO,Snapdragon,8.0,2.2,Android,6.0,128.0,5000,1,1,1,401.07946472241093,66.0,16940
Xiaomi,Snapdragon,8.0,2.2,Android,6.0,64.0,5000,1,1,1,394.57353282389164,124.0,17990
OPPO,Snapdragon,8.0,2.2,Android,8.0,128.0,4800,1,1,1,394.44076267485747,124.0,20990
Samsung,Exynos,8.0,2.4,Android,8.0,128.0,4200,1,1,1,411.2196037398995,44.0,51999
Samsung,Snapdragon,8.0,3.0,Android,8.0,128.0,4500,1,1,1,390.48602899844605,60.0,64449
Vivo,Snapdragon,8.0,2.0,Android,6.0,64.0,5000,1,1,1,401.07946472241093,21.0,8990
Motorola,Helio,8.0,2.0,Android,4.0,128.0,5000,1,0,1,269.92876553183146,66.0,19999
POCO,Dimensity,8.0,2.2,Android,6.0,128.0,5000,1,1,1,399.97043524853456,58.0,13499
Tecno,Dimensity,8.0,2.4,Android,8.0,128.0,6000,1,1,1,389.3671856910976,66.0,15499
POCO,Helio,8.0,2.3,Android,3.0,32.0,5000,1,0,1,268.68866400565156,18.0,6499
Apple,Bionic,8.0,2.4,iOS,4.0,64.0,3060,1,0,1,323.613699324913,19.0,71999
Samsung,Exynos,8.0,2.4,Android,8.0,256.0,5000,1,1,1,404.89314829774725,96.0,36499
Infinix,Dimensity,8.0,2.4,Android,6.0,64.0,5000,1,1,1,392.8067856619936,66.0,15999
OPPO,Dimensity,8.0,3.0,Android,12.0,256.0,4500,1,1,1,401.8023609061614,82.0,31994
OnePlus,Snapdragon,8.0,3.2,Android,8.0,128.0,5000,1,1,1,394.44076267485747,66.0,34999
Xiaomi,Snapdragon,8.0,2.3,Android,6.0,128.0,5000,1,0,1,394.57353282389164,124.0,18999
Others,Snapdragon,8.0,3.2,Android,8.0,128.0,4700,1,1,1,394.57353282389164,82.0,39990
Samsung,Helio,8.0,2.0,Android,8.0,128.0,5000,1,0,1,411.2196037398995,84.0,16499
Nokia,Snapdragon,2.0,1.1,Android,0.512,4.0,1500,1,0,1,142.85714285714286,67.0,6199
Others,Google,8.0,2.8,Android,12.0,128.0,5003,1,1,1,512.1128249159947,61.1,54300
Infinix,Helio,8.0,2.0,Android,4.0,64.0,5000,1,0,1,392.8067856619936,58.0,9999
Xiaomi,Dimensity,8.0,2.2,Android,6.0,128.0,5000,1,1,1,401.07946472241093,55.0,15990
Xiaomi,Snapdragon,8.0,2.2,Android,8.0,128.0,5000,1,1,1,394.57353282389164,124.0,22700
Xiaomi,Snapdragon,8.0,3.0,Android,8.0,256.0,4600,1,1,1,521.4077194522747,82.0,50990
Apple,Bionic,6.0,3.22,iOS,4.0,128.0,2438,1,1,1,477.26070210921176,24.0,64900
Tecno,Helio,8.0,2.0,Android,6.0,128.0,7000,1,0,1,389.3671856910976,58.0,13799
Realme,Tiger,8.0,1.82,Android,4.0,64.0,5000,1,0,1,269.1007631835743,18.0,8999
Others,Snapdragon,8.0,3.2,Android,18.0,512.0,6000,1,1,1,394.6386727659196,62.0,89999
Vivo,Dimensity,8.0,2.4,Android,8.0,128.0,4050,1,1,1,408.66544471045916,94.0,21994
Apple,Bionic,8.0,2.4,iOS,6.0,128.0,3500,1,0,1,475.4995925073328,24.0,69990
Xiaomi,Dimensity,8.0,2.2,Android,4.0,64.0,5000,1,1,1,404.89314829774725,56.0,12999
iQOO,Dimensity,8.0,3.1,Android,8.0,128.0,5000,1,1,1,388.1718973355984,80.0,24990
Samsung,Snapdragon,8.0,2.4,Android,8.0,128.0,5000,1,0,1,399.8640724050703,58.0,19990
Xiaomi,Dimensity,8.0,2.6,Android,8.0,128.0,5000,1,1,1,394.57353282389164,66.0,26999
Xiaomi,Snapdragon,8.0,2.4,Android,8.0,128.0,5000,1,1,1,394.57353282389164,66.0,19999
Infinix,Helio,8.0,2.2,Android,8.0,256.0,5000,1,0,1,392.8067856619936,124.0,16900
Infinix,Dimensity,8.0,2.4,Android,6.0,128.0,5000,1,1,1,399.8640724050703,58.0,19999
Apple,Bionic,6.0,2.4,iOS,6.0,1000.0,4323,1,1,1,459.5879875379156,60.0,182999
Samsung,Exynos,8.0,2.0,Android,6.0,128.0,6000,1,0,1,398.7584036265693,58.0,12999
POCO,Dimensity,8.0,2.4,Android,8.0,128.0,5000,1,1,1,398.7584036265693,66.0,15999
Xiaomi,Helio,8.0,2.05,Android,8.0,128.0,5000,1,0,1,409.3010052776606,77.0,13999
Realme,Unisoc,8.0,1.6,Android,4.0,64.0,5000,1,0,1,269.1007631835743,13.0,7749
Samsung,Snapdragon,8.0,2.2,Android,8.0,128.0,5000,1,1,1,399.8640724050703,58.0,24999
Motorola,Snapdragon,8.0,3.2,Android,12.0,256.0,4610,1,1,1,394.57353282389164,260.0,59999
OPPO,Snapdragon,8.0,2.2,Android,8.0,128.0,4500,1,1,1,409.3010052776606,80.0,25895
Xiaomi,Snapdragon,8.0,3.2,Android,8.0,128.0,4500,1,1,1,413.80589055587376,82.0,46990
Xiaomi,Helio,8.0,2.0,Android,3.0,32.0,5000,1,0,1,268.68866400565156,18.0,7499
Vivo,Helio,8.0,2.3,Android,2.0,32.0,5000,1,0,1,269.5141284111989,13.0,7790
Xiaomi,Dimensity,8.0,2.85,Android,8.0,256.0,5080,1,1,1,407.0656941316021,80.0,25999
Realme,Tiger,8.0,1.82,Android,3.0,32.0,5000,1,0,1,269.92876553183146,13.0,6299
Motorola,Snapdragon,8.0,2.2,Android,4.0,64.0,5000,1,1,1,387.03021528461136,63.0,12999
Xiaomi,Snapdragon,8.0,2.4,Android,6.0,128.0,6000,1,0,1,261.871190441329,55.0,11999
Xiaomi,Snapdragon,8.0,2.4,Android,6.0,128.0,4250,1,1,1,401.8023609061614,84.0,21890
Samsung,Snapdragon,8.0,2.84,Android,8.0,128.0,3300,0,1,1,425.72648324793,67.0,69999
Apple,Bionic,6.0,3.1,iOS,4.0,128.0,4605,1,1,1,362.21457849304045,67.0,55999
OnePlus,Snapdragon,8.0,3.2,Android,16.0,256.0,4800,1,1,1,394.44076267485747,66.0,55999
Samsung,Exynos,8.0,2.4,Android,4.0,128.0,5000,1,0,1,399.8640724050703,58.0,14999
OPPO,Dimensity,8.0,2.0,Android,8.0,256.0,4500,1,1,1,409.3010052776606,96.0,25994
OnePlus,Snapdragon,8.0,2.84,Android,8.0,128.0,4500,1,1,1,397.5536954585132,66.0,42999
Samsung,Exynos,8.0,2.4,Android,8.0,128.0,5000,1,1,1,404.89314829774725,96.0,33499
Samsung,Snapdragon,8.0,3.0,Android,12.0,512.0,5000,1,1,1,500.0,148.0,118999
Motorola,Snapdragon,8.0,2.2,Android,6.0,128.0,5000,1,1,1,411.2196037398995,66.0,16999
Others,Snapdragon,4.0,2.4,Android,2.0,32.0,4000,1,0,1,265.83893575104617,16.0,6990
Vivo,Dimensity,8.0,2.4,Android,8.0,128.0,5000,1,1,1,438.6342439892262,100.0,29990
Samsung,Dimensity,8.0,2.2,Android,4.0,64.0,5000,1,1,1,269.92876553183146,55.0,12944
POCO,Dimensity,8.0,3.2,Android,8.0,128.0,5000,1,1,1,392.8067856619936,96.0,29990
Others,Snapdragon,8.0,2.2,Android,8.0,128.0,4800,1,1,1,384.8556581659022,64.0,16999
iQOO,Snapdragon,8.0,3.2,Android,16.0,256.0,5000,1,1,1,517.5625297807978,66.0,64999
Samsung,Snapdragon,8.0,3.2,Android,12.0,256.0,4400,1,1,1,372.58734498086375,67.0,154998
Others,Snapdragon,8.0,2.84,Android,8.0,128.0,4450,1,1,1,307.6923076923077,67.0,109999
Apple,Bionic,6.0,3.22,iOS,6.0,256.0,4325,1,1,1,456.7734819486999,24.0,84999
Samsung,Exynos,8.0,2.4,Android,8.0,128.0,5000,1,1,1,411.2196037398995,61.0,27499
Tecno,Helio,8.0,2.3,Android,6.0,128.0,5000,1,0,1,265.83893575104617,21.0,8999
Others,Google,8.0,2.8,Android,8.0,128.0,4614,1,1,1,411.2196037398995,58.0,40480
Xiaomi,Snapdragon,8.0,2.3,Android,6.0,128.0,5020,1,0,1,394.57353282389164,80.0,17999
Samsung,Exynos,8.0,2.9,Android,12.0,256.0,5000,1,1,1,516.0402870461485,148.0,105999
Infinix,Helio,8.0,2.3,Android,4.0,64.0,6000,1,0,1,262.6230284720013,21.0,8999
Vivo,Snapdragon,8.0,2.4,Android,6.0,128.0,5000,1,0,1,401.07946472241093,58.0,14999
OPPO,Snapdragon,8.0,2.2,Android,8.0,128.0,4500,1,1,1,404.89314829774725,96.0,19990
iQOO,Snapdragon,8.0,2.4,Android,8.0,128.0,4700,1,1,1,409.23193495914916,80.0,23399
Samsung,Snapdragon,8.0,2.4,Android,8.0,256.0,5000,1,1,1,392.8067856619936,140.0,41990
Realme,Snapdragon,8.0,2.4,Android,8.0,128.0,5000,1,1,1,400.4171378669008,64.0,22998
POCO,Snapdragon,8.0,3.2,Android,6.0,128.0,4500,1,1,1,394.57353282389164,84.0,25999
Infinix,Helio,8.0,2.0,Android,4.0,64.0,5000,1,0,1,392.8067856619936,66.0,11700
Samsung,Unisoc,4.0,1.6,Android,2.0,32.0,5000,1,0,1,269.92876553183146,13.0,6499
Motorola,Snapdragon,8.0,2.3,Android,6.0,128.0,6000,1,0,1,396.2586403050993,140.0,15999
OnePlus,Snapdragon,8.0,2.84,Android,8.0,128.0,4500,1,1,1,525.9210168998101,64.0,64800
Xiaomi,Helio,8.0,2.05,Android,6.0,64.0,5000,1,0,1,409.3010052776606,124.0,14590
Xiaomi,Helio,8.0,2.3,Android,4.0,64.0,5000,1,0,1,268.68866400565156,18.0,7499
Tecno,Dimensity,8.0,2.4,Android,8.0,128.0,5000,1,1,1,395.09317371596666,80.0,21999
Samsung,Helio,8.0,2.3,Android,4.0,64.0,5000,1,0,1,269.92876553183146,55.0,11999
POCO,Helio,8.0,2.05,Android,6.0,128.0,5000,1,0,1,409.3010052776606,80.0,12999
OnePlus,Snapdragon,8.0,2.2,Android,6.0,128.0,4500,1,1,1,409.3010052776606,80.0,20990
Apple,Bionic,6.0,3.22,iOS,4.0,256.0,3240,1,1,1,457.2543463119592,24.0,72999
OPPO,Snapdragon,8.0,3.2,Android,12.0,256.0,4700,1,1,1,388.1718973355984,82.0,77990
Vivo,Dimensity,8.0,3.05,Android,8.0,256.0,4870,1,1,1,452.8672135581981,82.3,56999
Motorola,Snapdragon,8.0,2.2,Android,4.0,128.0,5000,1,1,1,269.92876553183146,66.0,21999
Motorola,Helio,8.0,2.3,Android,4.0,64.0,5000,1,0,1,268.68866400565156,66.0,9499
Xiaomi,Helio,8.0,2.0,Android,4.0,64.0,5000,1,0,1,268.68866400565156,18.0,7499
Others,Snapdragon,4.0,1.3,Android,2.0,32.0,3500,1,0,1,295.40714565134834,21.0,4649
Vivo,Helio,8.0,2.0,Android,4.0,32.0,4030,1,0,1,271.27478763391787,21.0,18000
Xiaomi,Snapdragon,8.0,3.2,Android,8.0,128.0,5000,1,1,1,526.0980437651888,70.0,38999
Realme,Unisoc,8.0,1.6,Android,2.0,32.0,5000,1,0,1,269.92876553183146,13.0,7145
Vivo,Snapdragon,8.0,2.4,Android,8.0,128.0,5000,1,0,1,269.5399849891553,58.0,14990
OPPO,Helio,8.0,2.3,Android,4.0,64.0,5000,1,0,1,267.45990487147935,58.0,15499
Xiaomi,Helio,8.0,2.0,Android,6.0,128.0,5000,1,0,1,268.68866400565156,18.0,9999
POCO,Snapdragon,8.0,3.2,Android,12.0,256.0,4500,1,1,1,394.57353282389164,84.0,29999
Realme,Snapdragon,8.0,2.4,Android,8.0,128.0,5000,1,0,1,411.2196037398995,124.0,15999
Xiaomi,Snapdragon,8.0,3.2,Android,8.0,128.0,5000,1,1,1,445.8434858692056,220.0,59990
iQOO,Snapdragon,8.0,2.9,Android,8.0,128.0,4350,1,1,1,397.85639181347983,64.0,34990
Apple,Bionic,6.0,3.1,iOS,4.0,128.0,4605,1,1,1,362.21457849304045,67.0,45999
Samsung,Snapdragon,8.0,2.4,Android,12.0,256.0,5100,1,1,1,454.10658866703244,260.0,119990
OPPO,Dimensity,8.0,3.05,Android,8.0,128.0,4300,0,1,1,394.6002313234923,67.0,89990
OnePlus,Snapdragon,8.0,3.2,Android,12.0,256.0,4800,1,1,1,394.44076267485747,66.0,50999
Tecno,Helio,8.0,2.3,Android,4.0,64.0,5000,1,0,1,265.83893575104617,21.0,7999
Samsung,Exynos,8.0,2.9,Android,8.0,256.0,4500,1,1,1,402.68871740464743,44.0,43999
Xiaomi,Dimensity,8.0,2.4,Android,8.0,128.0,5000,1,1,1,398.7584036265693,66.0,18499
Others,Snapdragon,8.0,2.84,Android,12.0,512.0,4500,1,1,1,642.6339291259881,20.0,134999
Vivo,Snapdragon,8.0,2.4,Android,8.0,128.0,4300,1,1,1,408.66544471045916,108.0,32999
POCO,Snapdragon,8.0,2.3,Android,6.0,64.0,6000,1,0,1,394.57353282389164,84.0,13499
Samsung,Exynos,8.0,2.73,Android,8.0,128.0,4500,1,0,1,404.89314829774725,44.0,35489
Others,Snapdragon,8.0,2.8,Android,6.0,64.0,2800,1,0,1,442.60623245533975,24.0,20120
Samsung,Exynos,8.0,2.7,Android,8.0,128.0,4100,1,0,1,525.5949010407159,26.0,42999
Nokia,Snapdragon,8.0,2.4,Android,0.512,0.128,4605,1,0,0,362.21457849304045,67.0,4649
Realme,Dimensity,8.0,2.2,Android,6.0,128.0,4200,1,1,1,411.2196037398995,66.0,24999
OPPO,Snapdragon,8.0,2.4,Android,8.0,128.0,4500,1,0,1,404.89314829774725,96.0,20999
Realme,Snapdragon,8.0,2.84,Android,8.0,128.0,5000,1,1,1,397.5536954585132,66.0,28994
Samsung,Exynos,8.0,2.9,Android,8.0,128.0,4000,1,1,1,424.48475224763826,74.0,48900
Samsung,Snapdragon,8.0,2.2,Android,8.0,128.0,4500,1,0,1,392.8067856619936,96.0,22494
Vivo,Helio,8.0,2.3,Android,3.0,32.0,5000,1,0,1,269.5141284111989,13.0,8990
Others,Unisoc,8.0,2.4,Android,4.0,32.0,4000,1,0,1,264.3290042451019,21.0,6999
Tecno,Unisoc,8.0,2.0,Android,4.0,64.0,5000,1,0,1,267.49801540590414,21.0,8890
iQOO,Snapdragon,8.0,2.2,Android,8.0,128.0,5000,1,1,1,401.07946472241093,66.0,18498
Vivo,Snapdragon,8.0,2.4,Android,6.0,128.0,4700,1,1,1,409.23193495914916,80.0,23999
Realme,Dimensity,8.0,2.5,Android,8.0,128.0,4500,1,1,1,411.2196037398995,66.0,22994
Samsung,Exynos,8.0,2.0,Android,4.0,64.0,5000,1,0,1,269.92876553183146,55.0,12990
Realme,Snapdragon,8.0,2.4,Android,6.0,128.0,5000,1,0,1,400.4171378669008,66.0,14999
Realme,Dimensity,8.0,2.2,Android,8.0,128.0,5000,1,1,1,404.89314829774725,64.0,18499
OPPO,Snapdragon,8.0,2.0,Android,6.0,128.0,5000,1,0,1,411.2196037398995,64.0,14990
OPPO,Dimensity,8.0,3.2,Android,8.0,256.0,4300,0,1,1,403.187987957501,67.0,70990
Samsung,Helio,8.0,2.0,Android,4.0,64.0,6000,1,0,1,411.2196037398995,84.0,12120
Realme,Snapdragon,8.0,2.2,Android,8.0,128.0,5000,1,1,1,400.4171378669008,80.0,20999
Xiaomi,Snapdragon,8.0,2.3,Android,6.0,128.0,5020,1,0,1,394.57353282389164,64.0,11999
Samsung,Dimensity,8.0,2.2,Android,4.0,64.0,5000,1,1,1,269.92876553183146,55.0,17990
Xiaomi,Dimensity,8.0,2.4,Android,4.0,128.0,5000,1,1,1,398.7584036265693,66.0,14990
Others,Unisoc,4.0,1.3,Android,1.0,16.0,5000,1,0,1,269.92876553183146,16.0,6490
Others,Snapdragon,2.0,2.4,Android,0.512,4.0,2000,1,0,1,166.66666666666669,2.3,2999
Realme,Snapdragon,8.0,3.2,Android,8.0,128.0,4600,1,1,1,394.44076267485747,66.0,34999
Apple,Bionic,8.0,2.4,iOS,8.0,128.0,4700,1,1,1,457.5393040867807,60.0,149900
POCO,Helio,4.0,2.0,Android,2.0,32.0,5000,1,0,1,269.1007631835743,13.0,6499
Samsung,Snapdragon,8.0,3.2,Android,12.0,256.0,4500,1,1,1,524.8652069923219,210.0,104999
Realme,Snapdragon,8.0,2.4,Android,4.0,128.0,5000,1,0,1,400.4171378669008,66.0,13999
Xiaomi,Dimensity,8.0,2.4,Android,6.0,64.0,5000,1,1,1,398.7584036265693,66.0,16999
Vivo,Snapdragon,8.0,3.0,Android,12.0,256.0,4700,1,1,1,517.5625297807978,82.0,79999
OPPO,Dimensity,8.0,3.0,Android,12.0,256.0,4500,1,1,1,401.8023609061614,96.0,36760
Xiaomi,Dimensity,8.0,2.5,Android,6.0,128.0,5160,1,1,1,394.57353282389164,124.0,23499
Others,Snapdragon,8.0,3.2,Android,18.0,256.0,6000,1,1,1,393.4779707871963,96.0,75990
OPPO,Snapdragon,8.0,2.4,Android,6.0,128.0,5000,1,1,1,267.45990487147935,56.0,21990
Realme,Snapdragon,8.0,2.4,Android,6.0,128.0,5000,1,1,1,400.4171378669008,64.0,18999
Samsung,Unisoc,8.0,1.6,Android,3.0,32.0,5000,1,0,1,264.3290042451019,53.0,7249
OnePlus,Snapdragon,8.0,2.0,Android,4.0,64.0,5000,1,1,1,405.5170206371891,29.0,16990
Xiaomi,Snapdragon,8.0,3.2,Android,6.0,128.0,4520,1,1,1,394.57353282389164,68.0,23890
OPPO,Dimensity,8.0,2.0,Android,8.0,128.0,4300,1,1,1,409.3010052776606,96.0,26380
Realme,Snapdragon,8.0,2.84,Android,12.0,256.0,4200,1,1,1,408.66544471045916,96.0,27999
Xiaomi,Helio,8.0,2.0,Android,6.0,128.0,5000,1,0,1,268.68866400565156,18.0,10850
Xiaomi,Snapdragon,8.0,2.4,Android,6.0,128.0,5000,1,1,1,394.57353282389164,124.0,19999
Apple,Bionic,6.0,2.4,iOS,6.0,256.0,3200,1,1,1,461.4448931470025,60.0,129990
Motorola,Snapdragon,8.0,2.2,Android,6.0,128.0,5000,1,1,1,404.89314829774725,124.0,19990
Motorola,Snapdragon,8.0,3.2,Android,8.0,128.0,4450,1,1,1,394.57353282389164,260.0,41990
Xiaomi,Snapdragon,8.0,3.2,Android,8.0,256.0,4860,1,1,1,521.4077194522747,82.0,69990
Others,Snapdragon,8.0,2.5,Android,12.0,512.0,4800,1,1,1,394.57353282389164,86.0,39990
OnePlus,Snapdragon,8.0,3.0,Android,12.0,512.0,5000,1,1,1,525.9210168998101,82.0,74999
Vivo,Dimensity,8.0,3.0,Android,12.0,256.0,4300,1,1,1,397.85639181347983,158.0,36994
OPPO,Helio,8.0,2.3,Android,6.0,128.0,5000,1,0,1,269.5141284111989,66.0,14700
Xiaomi,Snapdragon,8.0,2.84,Android,8.0,128.0,5000,1,1,1,394.57353282389164,124.0,34990
Nokia,Snapdragon,8.0,2.4,Android,6.0,64.0,6000,0,1,1,386.46188897729184,140.0,34999
Xiaomi,Snapdragon,8.0,2.2,Android,4.0,64.0,5000,1,0,1,409.3010052776606,61.0,13990
Samsung,Helio,8.0,2.0,Android,6.0,128.0,6000,1,0,1,411.2196037398995,84.0,14859
Tecno,Helio,8.0,2.05,Android,8.0,128.0,5000,1,0,1,395.09317371596666,96.0,17999
POCO,Snapdragon,8.0,3.2,Android,8.0,128.0,4700,1,1,1,392.8067856619936,96.0,34990
Others,Dimensity,8.0,2.4,Android,8.0,128.0,5000,1,1,1,395.09317371596666,64.0,14990
OPPO,Helio,8.0,2.0,Android,3.0,32.0,4230,1,0,1,269.1007631835743,18.0,8999
Motorola,Helio,8.0,2.3,Android,4.0,64.0,5000,1,0,1,269.92876553183146,58.0,8999
Xiaomi,Helio,8.0,2.05,Android,8.0,128.0,5000,1,0,1,409.3010052776606,124.0,15824
Apple,Bionic,6.0,3.22,iOS,8.0,128.0,4605,1,1,1,362.21457849304045,67.0,43900
Samsung,Snapdragon,8.0,2.3,Android,8.0,128.0,4500,1,0,1,404.89314829774725,96.0,22494
POCO,Snapdragon,8.0,2.96,Android,6.0,128.0,5160,1,0,1,394.57353282389164,68.0,19650
Xiaomi,Helio,8.0,2.0,Android,2.0,32.0,5000,1,0,1,268.68866400565156,18.0,6999
Samsung,Helio,8.0,2.0,Android,6.0,128.0,5000,1,0,1,411.2196037398995,84.0,16499
Motorola,Helio,8.0,2.0,Android,4.0,128.0,5000,1,0,1,269.92876553183146,58.0,15999
Others,Dimensity,8.0,3.2,Android,16.0,256.0,6000,1,1,1,394.6386727659196,62.0,72999
Xiaomi,Dimensity,8.0,2.6,Android,6.0,128.0,4980,1,1,1,394.57353282389164,216.0,26999
Infinix,Helio,4.0,2.0,Android,2.0,32.0,5000,1,0,1,265.83893575104617,13.0,6999
Apple,Bionic,8.0,2.4,iOS,8.0,128.0,4605,1,1,1,362.21457849304045,67.0,130990
Realme,Tiger,8.0,1.8,Android,4.0,128.0,5000,1,0,1,399.8640724050703,58.0,12787
Infinix,Helio,8.0,2.3,Android,4.0,64.0,6000,1,0,1,262.6230284720013,58.0,9999
Vivo,Dimensity,8.0,3.05,Android,8.0,128.0,4500,1,1,1,388.1718973355984,82.0,54999
Vivo,Helio,8.0,2.0,Android,8.0,128.0,5000,1,0,1,401.07946472241093,80.0,15490
Tecno,Helio,8.0,2.05,Android,8.0,256.0,4700,1,0,1,384.65787931190204,98.0,25999
Samsung,Helio,8.0,2.3,Android,4.0,128.0,5000,1,0,1,269.92876553183146,18.0,9499
Xiaomi,Helio,8.0,2.0,Android,4.0,64.0,5000,1,0,1,268.2935890672578,55.0,7999
Others,Snapdragon,8.0,3.2,Android,8.0,128.0,4300,1,1,1,446.068722700908,62.0,63990
Others,Helio,8.0,2.3,Android,4.0,64.0,4000,0,0,1,294.80412022699,21.0,15990
iQOO,Snapdragon,8.0,2.84,Android,12.0,256.0,4500,1,1,1,397.5536954585132,64.0,34949
Tecno,Helio,8.0,2.0,Android,4.0,64.0,5000,1,0,1,395.09317371596666,56.0,8799
Xiaomi,Helio,8.0,2.0,Android,4.0,64.0,6000,1,0,1,404.89314829774725,58.0,12390
Samsung,Helio,8.0,2.0,Android,4.0,64.0,6000,1,0,1,274.14640249326635,61.0,11499
Xiaomi,Snapdragon,8.0,2.96,Android,12.0,512.0,4050,1,1,1,387.5716409381679,125.0,199990
OPPO,Dimensity,8.0,3.05,Android,16.0,256.0,5000,1,1,1,392.6824829006753,82.0,42990
Others,Snapdragon,8.0,3.2,Android,8.0,128.0,5000,1,1,1,394.57353282389164,80.0,34999
Samsung,Exynos,8.0,2.0,Android,4.0,128.0,6000,1,0,1,399.8640724050703,58.0,11999
Nokia,Unisoc,8.0,1.6,Android,4.0,64.0,5000,1,0,1,269.1007631835743,58.0,10499
Infinix,Tiger,8.0,1.82,Android,4.0,64.0,6000,1,0,1,262.6230284720013,21.0,8910
Vivo,Snapdragon,8.0,3.2,Android,8.0,128.0,4700,1,1,1,397.5536954585132,80.0,24990
OPPO,Snapdragon,8.0,2.2,Android,8.0,128.0,4500,1,1,1,409.3010052776606,80.0,17999
Xiaomi,Snapdragon,8.0,2.4,Android,8.0,128.0,4250,1,1,1,401.8023609061614,84.0,22999
Realme,Unisoc,8.0,1.6,Android,2.0,32.0,5000,1,0,1,269.92876553183146,13.0,6490
Infinix,Helio,8.0,2.05,Android,8.0,128.0,4500,1,1,1,394.57353282389164,124.0,21990
Nokia,Snapdragon,8.0,2.4,Android,0.128,0.048,1020,1,0,0,111.11111111111111,17.3,1762
Samsung,Helio,8.0,2.0,Android,4.0,64.0,6000,1,0,1,411.2196037398995,84.0,12364
Samsung,Snapdragon,8.0,2.96,Android,6.0,128.0,4500,1,1,1,522.9618408217301,74.0,39990
Xiaomi,Snapdragon,8.0,2.8,Android,6.0,64.0,4000,1,0,1,403.26390633779283,32.0,11999
Vivo,Helio,4.0,1.3,Android,1.0,16.0,1900,1,0,1,217.70021294442822,7.0,7499
Others,Snapdragon,8.0,1.5,Android,3.0,32.0,3500,1,0,1,400.52857637859967,18.0,3990
Motorola,Tiger,8.0,2.0,Android,2.0,64.0,5000,1,0,1,269.92876553183146,18.0,10499
Tecno,Helio,4.0,2.0,Android,2.0,32.0,5000,1,0,1,267.45990487147935,13.0,6299
Others,Unisoc,4.0,1.4,Android,2.0,32.0,3020,1,0,1,195.93019164998537,2.3,5990
Vivo,Snapdragon,8.0,3.2,Android,12.0,256.0,4730,1,1,1,359.56747090184024,67.0,113990
Samsung,Dimensity,8.0,2.0,Android,6.0,128.0,7000,1,1,1,392.8067856619936,96.0,21999
iQOO,Snapdragon,8.0,2.4,Android,6.0,128.0,5000,1,0,1,408.66544471045916,66.0,15999
Nokia,Snapdragon,4.0,1.1,Android,0.512,4.0,1500,1,0,1,142.85714285714286,19.0,6899
Others,Snapdragon,8.0,2.84,Android,8.0,128.0,4000,1,1,1,449.455461985411,20.0,69990
Vivo,Helio,8.0,2.3,Android,4.0,128.0,5000,1,0,1,268.287302636844,29.0,12990
Others,Snapdragon,8.0,3.0,Android,12.0,512.0,5000,1,1,1,642.6339291259881,24.0,92980
Tecno,Helio,8.0,2.2,Android,8.0,256.0,6000,1,0,1,263.4439903839196,58.0,15999
Huawei,Snapdragon,8.0,2.4,Android,8.0,256.0,4500,1,0,1,362.0619813642838,124.0,23999
Vivo,Snapdragon,8.0,2.4,Android,4.0,128.0,5000,1,0,1,401.07946472241093,58.0,12999
Others,Snapdragon,8.0,3.2,Android,12.0,256.0,5000,1,1,1,387.03021528461136,72.0,60990
Motorola,Helio,8.0,1.8,Android,4.0,64.0,5000,1,0,1,269.92876553183146,24.0,8859
iQOO,Snapdragon,8.0,3.2,Android,12.0,256.0,4700,1,1,1,397.5536954585132,80.0,33749
Samsung,Exynos,8.0,2.4,Android,6.0,64.0,5000,1,0,1,269.92876553183146,56.0,15990
POCO,Dimensity,8.0,2.85,Android,8.0,128.0,5080,1,1,1,407.0656941316021,80.0,24990
Realme,Dimensity,8.0,2.4,Android,4.0,128.0,5000,1,1,1,398.7584036265693,64.0,14999
Vivo,Dimensity,8.0,2.2,Android,6.0,128.0,4500,1,1,1,394.70889037798105,58.0,17990
Others,Dimensity,8.0,2.0,Android,8.0,128.0,4300,1,1,1,386.38797472110105,80.0,24990
Xiaomi,Helio,8.0,2.2,Android,4.0,64.0,5000,1,0,1,399.97043524853456,58.0,11600
Realme,Tiger,8.0,1.82,Android,3.0,32.0,5000,1,0,1,269.1007631835743,18.0,8299
Motorola,Helio,8.0,2.0,Android,6.0,128.0,5000,1,0,1,406.7705508400861,63.0,11999
Samsung,Snapdragon,8.0,3.2,Android,8.0,128.0,3700,1,1,1,425.72648324793,67.0,89999
OnePlus,Snapdragon,8.0,2.8,Android,8.0,128.0,3300,1,0,1,401.7285867827128,36.0,27999
Others,Snapdragon,8.0,2.35,Android,4.0,128.0,3520,0,0,1,536.6563145999495,20.2,15990
Xiaomi,Helio,4.0,2.0,Android,2.0,32.0,5000,1,0,1,269.1007631835743,13.0,7289
Others,Snapdragon,8.0,2.5,Android,8.0,256.0,4800,1,1,1,394.57353282389164,86.0,30990
Realme,Helio,8.0,2.0,Android,6.0,128.0,5000,1,0,1,400.4171378669008,66.0,15499
Vivo,Helio,8.0,2.3,Android,3.0,32.0,5000,1,0,1,269.5141284111989,21.0,8499
Samsung,Helio,8.0,2.0,Android,6.0,128.0,6000,1,0,1,411.2196037398995,84.0,14490
Samsung,Dimensity,8.0,2.2,Android,6.0,128.0,5000,1,1,1,399.8640724050703,72.0,15490
Realme,Snapdragon,8.0,2.2,Android,6.0,128.0,5000,1,1,1,400.4171378669008,66.0,14990
POCO,Dimensity,8.0,2.2,Android,4.0,64.0,5000,1,1,1,404.89314829774725,56.0,15999
Others,Snapdragon,8.0,2.4,Android,8.0,128.0,4080,1,1,1,429.5346318982906,24.0,36000
OnePlus,Snapdragon,8.0,3.2,Android,12.0,256.0,4800,1,1,1,550.2857773010236,140.0,69999
Xiaomi,Dimensity,8.0,2.6,Android,8.0,256.0,4300,1,1,1,394.57353282389164,216.0,26990
Samsung,Exynos,8.0,2.0,Android,4.0,64.0,6000,1,0,1,398.7584036265693,58.0,10630
OPPO,Dimensity,8.0,2.85,Android,8.0,256.0,4500,1,1,1,394.44076267485747,82.0,42990
Vivo,Dimensity,8.0,3.0,Android,8.0,128.0,4500,1,1,1,399.97043524853456,66.0,24990
iQOO,Snapdragon,8.0,2.4,Android,4.0,128.0,5000,1,0,1,408.66544471045916,66.0,14489
OPPO,Snapdragon,8.0,2.4,Android,6.0,128.0,5000,1,0,1,269.1291008656963,21.0,16490
Realme,Dimensity,8.0,2.5,Android,8.0,256.0,4500,1,1,1,411.2196037398995,66.0,24494
Vivo,Helio,8.0,2.3,Android,2.0,32.0,5000,1,0,1,269.5141284111989,13.0,7999
Motorola,Snapdragon,8.0,2.9,Android,6.0,128.0,5000,1,1,1,395.09317371596666,124.0,23990
Realme,Snapdragon,8.0,3.0,Android,8.0,128.0,5000,1,1,1,525.9210168998101,82.0,49959
Apple,Bionic,6.0,3.22,iOS,6.0,256.0,3095,1,1,1,457.2543463119592,24.0,129900
Vivo,Helio,8.0,2.05,Android,8.0,128.0,4000,1,0,1,408.66544471045916,80.0,19990
Samsung,Exynos,8.0,2.4,Android,4.0,64.0,5000,1,0,1,398.6560238479553,66.0,14990
Vivo,Snapdragon,8.0,2.3,Android,8.0,128.0,4000,1,0,1,408.66544471045916,108.0,23269
Xiaomi,Snapdragon,8.0,2.3,Android,4.0,64.0,5020,1,0,1,394.57353282389164,64.0,13999
Samsung,Exynos,8.0,2.4,Android,0.512,0.128,800,1,0,0,102.44998779892558,67.0,1949
Others,Snapdragon,8.0,2.4,Android,0.064,0.128,2500,1,0,1,166.66666666666669,17.3,2799
OnePlus,Dimensity,8.0,2.85,Android,8.0,128.0,5000,1,1,1,394.44076267485747,66.0,35389
Others,Google,8.0,2.8,Android,12.0,256.0,5003,1,1,1,512.1128249159947,61.1,79700
Nokia,Unisoc,8.0,1.6,Android,3.0,32.0,5050,1,0,1,260.31705874731523,18.0,9499
Infinix,Tiger,8.0,2.0,Android,8.0,128.0,5000,1,0,1,267.49801540590414,58.0,12340
POCO,Helio,8.0,2.2,Android,4.0,64.0,5000,1,0,1,399.97043524853456,58.0,10799
Xiaomi,Snapdragon,8.0,2.4,Android,4.0,128.0,6000,1,0,1,261.871190441329,55.0,14990
Others,Snapdragon,8.0,3.0,Android,8.0,128.0,5000,1,1,1,399.931222460765,80.0,61990
Xiaomi,Snapdragon,8.0,3.0,Android,12.0,256.0,4600,1,1,1,521.4077194522747,82.0,51880
OPPO,Snapdragon,8.0,2.4,Android,8.0,128.0,5000,1,0,1,401.0247511261829,66.0,16990
Huawei,Snapdragon,8.0,2.4,Android,8.0,128.0,4000,1,0,1,386.5585593082292,124.0,19990
Samsung,Snapdragon,8.0,3.0,Android,8.0,256.0,3700,1,1,1,422.4930805556957,60.0,57999
Others,Snapdragon,8.0,3.0,Android,12.0,256.0,5600,1,1,1,388.2418470041291,80.0,46990
Vivo,Dimensity,8.0,2.2,Android,4.0,128.0,5000,1,1,1,401.07946472241093,58.0,20990
Nokia,Snapdragon,8.0,2.0,Android,6.0,128.0,4470,1,1,1,394.57353282389164,64.0,17990
Realme,Dimensity,8.0,2.4,Android,8.0,128.0,5000,1,1,1,404.89314829774725,80.0,17499
Realme,Dimensity,8.0,2.4,Android,6.0,128.0,5000,1,1,1,404.89314829774725,80.0,17999
Nokia,Snapdragon,8.0,3.2,Android,8.0,128.0,6000,1,1,1,405.39214713878096,232.0,49990
Others,Snapdragon,8.0,2.4,Android,0.512,0.128,4605,1,0,1,362.21457849304045,67.0,2399
POCO,Snapdragon,8.0,2.2,Android,4.0,128.0,5000,1,1,1,394.57353282389164,56.0,14999
Xiaomi,Snapdragon,8.0,2.3,Android,6.0,128.0,5020,1,0,1,394.57353282389164,124.0,19980
iQOO,Snapdragon,8.0,3.2,Android,12.0,256.0,4400,1,1,1,397.5536954585132,64.0,35990
Realme,Helio,8.0,2.0,Android,4.0,128.0,5000,1,0,1,411.2196037398995,80.0,15999
Samsung,Exynos,8.0,2.73,Android,8.0,128.0,4000,1,0,1,565.9796696635176,74.0,41999
Xiaomi,Dimensity,8.0,3.1,Android,8.0,128.0,5500,1,1,1,526.0980437651888,68.0,25999
Motorola,Helio,8.0,1.8,Android,3.0,32.0,5000,1,0,1,269.92876553183146,24.0,7990
OnePlus,Dimensity,8.0,3.0,Android,8.0,128.0,4500,1,1,1,409.3010052776606,82.0,29990
OPPO,Snapdragon,8.0,2.36,Android,8.0,128.0,4500,1,1,1,417.82792865763196,66.0,27990
POCO,Snapdragon,8.0,3.2,Android,8.0,128.0,5500,1,1,1,526.0980437651888,80.0,29999
OPPO,Helio,8.0,2.0,Android,4.0,64.0,4230,1,0,1,269.1007631835743,18.0,8999
POCO,Helio,8.0,2.05,Android,8.0,128.0,5000,1,0,1,409.3010052776606,80.0,13999
Realme,Helio,8.0,2.0,Android,4.0,64.0,6000,1,0,1,269.92876553183146,58.0,11499
Others,Snapdragon,8.0,2.9,Android,8.0,128.0,6000,1,1,1,394.6386727659196,88.0,39999
Realme,Snapdragon,8.0,2.4,Android,8.0,128.0,4300,1,1,1,409.3010052776606,96.0,27999
Samsung,Dimensity,8.0,2.0,Android,6.0,128.0,5000,1,1,1,269.92876553183146,61.0,24499
Others,Snapdragon,8.0,3.2,Android,12.0,256.0,5000,1,1,1,399.931222460765,66.0,60999
Samsung,Snapdragon,8.0,2.84,Android,12.0,256.0,4400,1,1,1,372.1867699015519,67.0,110999
Others,Snapdragon,8.0,2.4,Android,8.0,128.0,4000,1,1,1,395.09317371596666,67.0,54999
Xiaomi,Snapdragon,8.0,2.3,Android,6.0,64.0,5020,1,0,1,394.57353282389164,96.0,16490
Samsung,Snapdragon,8.0,2.3,Android,6.0,128.0,4500,1,0,1,404.89314829774725,96.0,24990
Nokia,Snapdragon,8.0,2.4,Android,0.004,0.004,800,0,0,0,112.99435028248587,67.0,1299
Vivo,Snapdragon,4.0,1.4,Android,3.0,16.0,3360,1,0,1,268.32815729997475,18.0,25000
Others,Snapdragon,4.0,1.1,Android,1.0,8.0,2000,1,0,1,217.70021294442822,7.0,1999
Samsung,Helio,8.0,2.3,Android,3.0,64.0,5000,1,0,1,269.92876553183146,18.0,9950
OPPO,Dimensity,8.0,2.4,Android,8.0,128.0,5000,1,1,1,269.1291008656963,21.0,12999
OPPO,Helio,8.0,2.2,Android,8.0,256.0,5000,1,0,1,394.57353282389164,66.0,19999
OPPO,Snapdragon,8.0,2.5,Android,8.0,256.0,5000,1,1,1,392.6824829006753,82.0,32999
Nokia,Snapdragon,8.0,2.2,Android,6.0,128.0,4500,1,1,1,399.97043524853456,58.0,28498
OPPO,Helio,8.0,2.3,Android,4.0,128.0,5000,1,0,1,267.45990487147935,58.0,15998
Nokia,Snapdragon,8.0,2.4,Android,0.512,0.128,4605,1,0,0,362.21457849304045,67.0,3749
Motorola,Snapdragon,8.0,3.2,Android,8.0,128.0,4800,1,1,1,400.9900867565035,110.0,59990
OPPO,Snapdragon,8.0,2.2,Android,6.0,128.0,5000,1,1,1,401.0247511261829,80.0,16990
iQOO,Snapdragon,8.0,2.4,Android,12.0,256.0,4700,1,1,1,409.23193495914916,80.0,27999
Nokia,Unisoc,8.0,1.6,Android,6.0,128.0,5050,1,0,1,269.92876553183146,58.0,13499
Samsung,Exynos,8.0,2.4,Android,6.0,128.0,5000,1,0,1,399.8640724050703,58.0,16499
OPPO,Helio,8.0,2.3,Android,4.0,64.0,4230,1,0,1,269.1007631835743,18.0,10999
Xiaomi,Snapdragon,8.0,2.4,Android,4.0,64.0,6000,1,0,1,261.871190441329,55.0,13990
Tecno,Helio,8.0,2.0,Android,4.0,64.0,5000,1,0,1,407.0656941316021,80.0,9999
Realme,Dimensity,8.0,2.85,Android,8.0,128.0,5000,1,1,1,394.44076267485747,66.0,31994
Xiaomi,Dimensity,8.0,2.5,Android,6.0,128.0,4500,1,1,1,394.57353282389164,124.0,24820
iQOO,Snapdragon,8.0,3.2,Android,8.0,128.0,4700,1,1,1,397.5536954585132,80.0,22990
iQOO,Snapdragon,8.0,3.0,Android,8.0,256.0,4700,1,1,1,517.5625297807978,66.0,59990
Realme,Unisoc,8.0,1.6,Android,4.0,64.0,5000,1,0,1,269.92876553183146,13.0,8999
Xiaomi,Helio,8.0,2.3,Android,6.0,128.0,5000,1,0,1,268.68866400565156,18.0,10499
Others,Snapdragon,4.0,1.3,Android,3.0,32.0,3000,1,0,1,292.721626145427,21.0,7499
Xiaomi,Helio,8.0,2.0,Android,4.0,64.0,4000,1,0,1,409.08060180789585,61.0,9990
Xiaomi,Dimensity,8.0,2.2,Android,4.0,128.0,5000,1,1,1,404.89314829774725,56.0,12490
Vivo,Helio,8.0,2.0,Android,4.0,64.0,5000,1,0,1,269.5141284111989,21.0,13990
Samsung,Dimensity,8.0,2.2,Android,6.0,128.0,5000,1,1,1,399.8640724050703,56.0,17990
Vivo,Dimensity,8.0,2.4,Android,8.0,128.0,4000,1,0,1,408.66544471045916,108.0,24999
Realme,Snapdragon,8.0,2.3,Android,8.0,128.0,4500,1,0,1,411.2196037398995,96.0,21999
OnePlus,Snapdragon,8.0,2.0,Android,8.0,128.0,4300,1,0,1,401.8023609061614,64.0,19999
Samsung,Exynos,8.0,2.73,Android,12.0,128.0,5000,1,1,1,508.56144230634914,148.0,99999
Apple,Bionic,6.0,2.65,iOS,4.0,64.0,3500,1,0,1,455.54851520353134,24.0,109900
Apple,Bionic,4.0,2.37,iOS,3.0,32.0,2230,0,0,1,325.6122832234166,20.0,52990
Others,Snapdragon,8.0,2.4,Android,0.512,0.128,4605,1,0,1,362.21457849304045,67.0,99
Others,Snapdragon,8.0,2.0,Android,8.0,128.0,5000,1,0,1,404.89314829774725,66.0,19990
Samsung,Helio,8.0,2.3,Android,4.0,128.0,5000,1,0,1,269.92876553183146,18.0,11499
Others,Snapdragon,8.0,2.4,Android,0.512,0.128,4605,1,0,0,362.21457849304045,67.0,699
Xiaomi,Helio,8.0,2.2,Android,4.0,64.0,5000,1,0,1,394.57353282389164,61.0,13999
Others,Helio,8.0,2.2,Android,12.0,256.0,9800,1,0,1,388.1718973355984,67.0,22990
Vivo,Snapdragon,8.0,2.2,Android,8.0,256.0,5000,1,1,1,392.8067856619936,140.0,28990
POCO,Snapdragon,8.0,3.2,Android,8.0,128.0,4500,1,1,1,394.57353282389164,84.0,27999
Xiaomi,Dimensity,8.0,2.85,Android,6.0,128.0,5080,1,1,1,407.0656941316021,80.0,19990
Realme,Dimensity,8.0,2.5,Android,8.0,128.0,5000,1,1,1,411.2196037398995,64.0,22999
Vivo,Snapdragon,8.0,2.4,Android,8.0,128.0,5000,1,0,1,409.7985835207242,66.0,17999
Xiaomi,Helio,8.0,2.05,Android,6.0,128.0,5000,1,0,1,409.3010052776606,124.0,15499
Others,Dimensity,8.0,2.4,Android,8.0,128.0,5000,1,1,1,396.2586403050993,80.0,17990
Realme,Helio,8.0,2.05,Android,6.0,128.0,5000,1,0,1,400.4171378669008,66.0,13999
OPPO,Helio,8.0,2.3,Android,4.0,64.0,5000,1,0,1,269.5141284111989,66.0,13499
POCO,Dimensity,8.0,2.2,Android,6.0,128.0,5000,1,1,1,404.89314829774725,56.0,14799
Realme,Unisoc,8.0,1.8,Android,3.0,32.0,5000,1,0,1,269.92876553183146,18.0,6999
OPPO,Helio,8.0,2.3,Android,4.0,64.0,5000,1,0,1,269.1007631835743,21.0,11999
Vivo,Dimensity,8.0,2.4,Android,8.0,128.0,4000,1,1,1,408.66544471045916,108.0,23994
Nokia,Unisoc,8.0,2.4,Android,0.064,0.128,1150,1,0,0,166.66666666666669,17.3,3589
Apple,Bionic,6.0,3.1,iOS,6.0,512.0,4605,1,1,1,362.21457849304045,67.0,139900
Others,Snapdragon,8.0,2.84,Android,8.0,256.0,4000,1,1,1,642.6339291259881,20.0,69999
Motorola,Snapdragon,8.0,2.84,Android,12.0,256.0,5000,0,1,1,384.65787931190204,133.0,57999
Samsung,Exynos,8.0,2.73,Android,8.0,256.0,4300,1,0,1,392.8067856619936,74.0,86000
Samsung,Helio,8.0,2.3,Android,4.0,64.0,5000,1,0,1,264.3290042451019,56.0,11999
Xiaomi,Snapdragon,8.0,2.3,Android,6.0,128.0,5000,1,0,1,394.57353282389164,66.0,14999
Realme,Snapdragon,8.0,3.2,Android,8.0,128.0,5000,1,1,1,397.5536954585132,80.0,26499
Realme,Unisoc,8.0,1.6,Android,4.0,64.0,5000,1,0,1,269.92876553183146,13.0,8990
Apple,Bionic,6.0,3.22,iOS,6.0,512.0,3279,1,1,1,457.2543463119592,24.0,95999
iQOO,Snapdragon,8.0,3.2,Android,8.0,128.0,4700,1,1,1,388.1718973355984,66.0,47990
Tecno,Helio,8.0,2.05,Android,8.0,128.0,5000,1,0,1,395.09317371596666,96.0,17990
OnePlus,Snapdragon,8.0,2.2,Android,8.0,128.0,5000,1,1,1,401.0247511261829,80.0,22999
Nokia,Snapdragon,8.0,2.4,Android,0.512,0.128,4605,1,0,0,362.21457849304045,67.0,1299
Samsung,Snapdragon,8.0,3.0,Android,8.0,128.0,5000,1,1,1,500.0,148.0,99990
POCO,Snapdragon,8.0,3.0,Android,8.0,128.0,4700,1,1,1,394.57353282389164,84.0,39999
Xiaomi,Snapdragon,8.0,2.84,Android,12.0,256.0,5000,1,1,1,394.57353282389164,124.0,38999
Vivo,Helio,8.0,2.3,Android,4.0,128.0,5000,1,0,1,269.5141284111989,21.0,12490
Nokia,Snapdragon,8.0,2.4,Android,0.512,0.128,4605,1,0,1,362.21457849304045,67.0,5490
Samsung,Snapdragon,8.0,3.2,Android,6.0,128.0,4500,1,1,1,522.9618408217301,74.0,39990
Motorola,Snapdragon,8.0,2.4,Android,0.512,0.128,4605,1,0,0,362.21457849304045,67.0,1339
Vivo,Helio,8.0,2.0,Android,8.0,128.0,5000,1,0,1,401.07946472241093,66.0,16685
Huawei,Kirin,8.0,3.13,Others,8.0,128.0,4400,1,0,1,455.7154286848961,63.0,69990
Others,Unisoc,8.0,1.8,Android,4.0,64.0,5000,1,0,1,269.1007631835743,18.0,6999
Others,Snapdragon,8.0,3.2,Android,12.0,256.0,6000,1,1,1,394.6386727659196,62.0,71999
Realme,Dimensity,8.0,3.0,Android,8.0,128.0,4500,1,1,1,409.3010052776606,80.0,26999
Realme,Dimensity,8.0,2.2,Android,4.0,128.0,5000,1,1,1,404.89314829774725,64.0,16499
OPPO,Dimensity,8.0,2.2,Android,6.0,128.0,5000,1,1,1,269.92876553183146,21.0,17990
Xiaomi,Helio,8.0,2.3,Android,4.0,64.0,5000,1,0,1,268.68866400565156,18.0,8999
Apple,Bionic,6.0,2.65,iOS,3.0,64.0,1821,1,0,1,325.6122832234166,19.0,39900
Others,Snapdragon,8.0,2.4,Android,0.512,0.128,4605,0,0,0,362.21457849304045,67.0,2799
Others,Tiger,4.0,1.8,Android,6.0,64.0,4000,1,0,1,264.3290042451019,13.0,5999
OnePlus,Dimensity,8.0,2.4,Android,8.0,128.0,5000,1,1,1,400.5792182550011,96.0,34999
Vivo,Dimensity,8.0,2.0,Android,8.0,128.0,6000,1,1,1,401.07946472241093,58.0,16990
OPPO,Snapdragon,8.0,2.2,Android,8.0,128.0,4800,1,1,1,399.97043524853456,82.0,22990
Vivo,Helio,8.0,2.2,Android,8.0,256.0,4500,1,0,1,408.66544471045916,96.0,19990
Infinix,Tiger,8.0,2.0,Android,6.0,64.0,5000,1,0,1,267.49801540590414,58.0,10850
Realme,Dimensity,8.0,2.4,Android,4.0,64.0,5000,1,1,1,398.7584036265693,64.0,13499
Others,Snapdragon,8.0,2.4,Android,0.512,0.128,4605,1,0,0,362.21457849304045,67.0,958
Others,Unisoc,8.0,1.6,Android,3.0,64.0,5000,1,0,1,267.49801540590414,13.0,6699
OPPO,Snapdragon,8.0,2.4,Android,8.0,128.0,5000,1,0,1,401.0247511261829,66.0,17999
Xiaomi,Dimensity,8.0,2.2,Android,4.0,128.0,5000,1,1,1,401.07946472241093,55.0,13990
Others,Snapdragon,8.0,3.0,Android,12.0,512.0,4600,1,1,1,455.7154286848961,63.0,94990
Tecno,Helio,8.0,2.3,Android,4.0,64.0,5000,1,0,1,399.8640724050703,58.0,8968
Infinix,Helio,4.0,2.0,Android,2.0,64.0,5000,1,0,1,265.83893575104617,13.0,7320
Realme,Tiger,8.0,1.8,Android,4.0,64.0,5000,1,0,1,269.92876553183146,58.0,8999
Samsung,Helio,8.0,2.3,Android,6.0,128.0,5000,1,0,1,264.3290042451019,56.0,13999
Tecno,Helio,8.0,2.0,Android,6.0,128.0,5000,1,0,1,395.09317371596666,80.0,14746
Xiaomi,Dimensity,8.0,2.6,Android,6.0,128.0,5000,1,1,1,398.7584036265693,80.0,16999
Xiaomi,Snapdragon,8.0,3.2,Android,8.0,128.0,4520,1,1,1,394.57353282389164,68.0,25990
Xiaomi,Snapdragon,8.0,2.2,Android,6.0,128.0,5000,1,0,1,409.3010052776606,61.0,16499
Xiaomi,Snapdragon,8.0,2.3,Android,6.0,64.0,5020,1,0,1,394.57353282389164,124.0,19999
Xiaomi,Snapdragon,8.0,2.84,Android,6.0,128.0,5000,1,1,1,394.57353282389164,84.0,23500
Others,Snapdragon,8.0,2.4,Android,6.0,128.0,4300,1,1,1,395.09317371596666,64.0,54999
Motorola,Snapdragon,8.0,2.2,Android,6.0,128.0,5000,1,0,1,396.4935063676529,80.0,19499
Others,Snapdragon,8.0,2.84,Android,8.0,128.0,5000,1,1,1,395.09317371596666,67.0,79990
Samsung,Exynos,8.0,2.7,Android,6.0,128.0,4500,1,0,1,392.8067856619936,44.0,39999
Samsung,Exynos,8.0,2.7,Android,12.0,256.0,4300,1,1,1,494.6775539206738,22.0,92999
Xiaomi,Helio,8.0,2.4,Android,0.008,0.016,1480,1,0,1,142.85714285714286,67.0,1799
iQOO,Snapdragon,8.0,3.2,Android,8.0,256.0,5000,1,1,1,388.1718973355984,66.0,32990
Samsung,Exynos,8.0,2.0,Android,4.0,128.0,5000,1,0,1,269.92876553183146,55.0,14499
Vivo,Dimensity,8.0,2.2,Android,4.0,128.0,5000,1,1,1,269.5141284111989,18.0,13999
Vivo,Helio,8.0,2.4,Android,2.0,32.0,5000,1,0,1,269.5141284111989,13.0,7999
Others,Unisoc,8.0,1.6,Android,2.0,32.0,5000,1,0,1,267.49801540590414,13.0,5785
Xiaomi,Dimensity,8.0,2.2,Android,4.0,128.0,5000,1,1,1,399.97043524853456,18.0,12990
POCO,Dimensity,8.0,2.5,Android,8.0,128.0,5100,1,1,1,391.0557895892061,140.0,19990
OPPO,Dimensity,8.0,2.4,Android,12.0,256.0,5000,1,1,1,401.18985730721914,56.0,23990
Samsung,Exynos,8.0,1.8,Android,6.0,64.0,4000,1,0,1,412.35982466772873,64.0,17999
Infinix,Helio,8.0,2.2,Android,6.0,128.0,5000,1,0,1,388.80370206491654,124.0,16999
Others,Snapdragon,8.0,2.2,Android,4.0,128.0,5000,1,1,1,269.92876553183146,18.0,9999
Infinix,Helio,8.0,2.0,Android,3.0,64.0,5000,1,0,1,257.2634862106898,13.0,8299
Others,Snapdragon,8.0,3.0,Android,8.0,256.0,5000,1,1,1,449.455461985411,24.0,82199
Samsung,Exynos,8.0,2.4,Android,0.512,0.128,4605,0,0,0,362.21457849304045,67.0,1850
Others,Snapdragon,8.0,3.0,Android,8.0,128.0,5000,1,1,1,394.57353282389164,80.0,49990
Nokia,Unisoc,8.0,1.6,Android,4.0,64.0,5050,1,0,1,269.92876553183146,58.0,11999
Xiaomi,Snapdragon,8.0,2.4,Android,6.0,128.0,4300,1,1,1,401.8023609061614,140.0,29990
OPPO,Snapdragon,8.0,2.84,Android,8.0,256.0,4500,1,1,1,369.90710136217587,67.0,92249
Apple,Bionic,6.0,3.22,iOS,6.0,256.0,4352,1,1,1,456.7734819486999,24.0,139900
Vivo,Helio,8.0,2.0,Android,4.0,128.0,5000,1,0,1,269.5141284111989,58.0,14990
OPPO,Snapdragon,8.0,2.0,Android,6.0,128.0,5000,1,0,1,409.3010052776606,64.0,15988
Samsung,Exynos,8.0,2.3,Android,4.0,64.0,6000,1,0,1,402.68871740464743,68.0,11725
OPPO,Helio,8.0,2.2,Android,8.0,128.0,4310,1,0,1,409.3010052776606,64.0,17994
OPPO,Snapdragon,8.0,2.84,Android,8.0,256.0,4000,0,0,1,474.1991826910553,67.0,134999
OnePlus,Snapdragon,8.0,2.0,Android,6.0,128.0,4300,1,1,1,405.5170206371891,80.0,25595
Others,Helio,8.0,1.99,Android,6.0,128.0,4000,1,0,1,271.27478763391787,29.0,7499
POCO,Helio,8.0,2.0,Android,6.0,64.0,5000,1,0,1,394.6719435512624,21.0,10890
OPPO,Helio,8.0,2.2,Android,8.0,128.0,4015,1,0,1,409.3010052776606,64.0,18990
Motorola,Snapdragon,8.0,2.2,Android,6.0,128.0,5000,1,1,1,394.57353282389164,64.0,19990
Samsung,Exynos,8.0,2.3,Android,4.0,128.0,4000,1,0,1,402.68871740464743,80.0,15990
Samsung,Exynos,8.0,2.73,Android,12.0,256.0,4300,1,0,1,494.6775539206738,22.0,58999
Vivo,Helio,8.0,2.0,Android,4.0,64.0,5000,1,0,1,268.287302636844,29.0,12500
Vivo,Snapdragon,8.0,2.0,Android,8.0,128.0,4500,1,0,1,403.9510644811511,80.0,29999
Vivo,Snapdragon,8.0,2.7,Android,8.0,256.0,4700,1,1,1,395.66759788207855,96.0,31990
Vivo,Dimensity,8.0,2.4,Android,8.0,128.0,4000,1,1,1,408.66544471045916,108.0,29999
Others,Dimensity,8.0,3.2,Android,16.0,512.0,6000,1,1,1,394.6386727659196,67.0,107990
Motorola,Snapdragon,8.0,2.2,Android,8.0,128.0,4020,1,1,1,419.0773031744199,96.0,31990
Xiaomi,Dimensity,8.0,2.85,Android,8.0,128.0,5000,1,1,1,445.8434858692056,128.0,48990
Huawei,Kirin,8.0,3.13,Others,8.0,256.0,4500,1,1,1,519.0937798689067,77.0,99990
Realme,Tiger,8.0,1.82,Android,4.0,64.0,5000,1,0,1,269.1007631835743,18.0,9499
Huawei,Snapdragon,8.0,2.84,Others,8.0,512.0,4600,1,0,1,425.02272051268653,67.0,162990
iQOO,Snapdragon,8.0,2.36,Android,6.0,128.0,5000,1,1,1,399.20741841715187,66.0,24999
Apple,Bionic,8.0,2.4,iOS,6.0,128.0,3285,1,0,1,460.27252681566847,63.0,82990
Infinix,Helio,8.0,2.05,Android,8.0,128.0,5000,1,0,1,386.5659829163415,66.0,15999
Tecno,Helio,8.0,1.8,Android,4.0,64.0,5000,1,0,1,269.1007631835743,24.0,8999
Vivo,Snapdragon,8.0,3.2,Android,12.0,256.0,4500,1,1,1,517.5625297807978,82.0,82990
Xiaomi,Helio,8.0,2.0,Android,6.0,128.0,6000,1,0,1,404.89314829774725,58.0,12999
Huawei,Snapdragon,8.0,2.4,Others,8.0,128.0,4300,1,0,1,392.2690702267494,82.0,29990
Tecno,Unisoc,4.0,1.3,Android,1.0,16.0,4000,1,0,1,275.7219153000477,10.0,6999
Huawei,Snapdragon,8.0,2.84,Others,8.0,256.0,4360,1,0,1,453.2543279073665,63.0,60999
Xiaomi,Dimensity,8.0,2.85,Android,8.0,128.0,5500,1,1,1,526.0980437651888,68.0,27990
Nokia,Unisoc,8.0,1.6,Android,2.0,16.0,3000,1,0,1,295.40714565134834,10.0,5249
Realme,Snapdragon,8.0,2.2,Android,6.0,128.0,5000,1,1,1,404.89314829774725,64.0,14999
OPPO,Snapdragon,8.0,3.2,Android,8.0,128.0,4500,1,1,1,401.8023609061614,82.0,44990
Motorola,Snapdragon,8.0,3.2,Android,6.0,128.0,5000,1,1,1,409.2057191210458,80.0,22490
OPPO,Snapdragon,8.0,2.84,Android,12.0,256.0,4500,1,1,1,525.9210168998101,82.0,50990
POCO,Snapdragon,8.0,2.0,Android,6.0,64.0,6000,1,0,1,394.6719435512624,56.0,11499
Others,Unisoc,4.0,1.3,Android,1.0,16.0,4000,1,0,1,269.92876553183146,16.0,5990
Vivo,Snapdragon,8.0,2.4,Android,8.0,128.0,4000,1,1,1,408.66544471045916,108.0,27000
Xiaomi,Snapdragon,8.0,2.84,Android,8.0,128.0,5000,1,1,1,394.57353282389164,128.0,29999
Vivo,Snapdragon,8.0,2.3,Android,8.0,256.0,4500,1,0,1,408.66544471045916,80.0,27990
Nokia,Snapdragon,8.0,2.4,Android,0.512,0.128,4605,1,0,1,362.21457849304045,67.0,3290
Samsung,Exynos,8.0,2.73,Android,8.0,128.0,4000,1,1,1,565.9796696635176,74.0,74999
Vivo,Snapdragon,8.0,2.0,Android,4.0,64.0,5000,1,0,1,394.6719435512624,32.0,9990
OPPO,Snapdragon,8.0,2.2,Android,8.0,128.0,4000,1,0,1,402.68871740464743,96.0,19990
Realme,Snapdragon,8.0,2.3,Android,4.0,64.0,4000,1,0,1,402.68871740464743,80.0,13279
Vivo,Helio,8.0,2.0,Android,3.0,64.0,5000,1,0,1,268.287302636844,21.0,11000
Apple,Bionic,8.0,2.4,iOS,8.0,128.0,4605,0,0,1,362.21457849304045,67.0,18900
Xiaomi,Snapdragon,8.0,2.8,Android,6.0,128.0,4000,1,0,1,403.26390633779283,32.0,12999
POCO,Helio,4.0,2.0,Android,3.0,32.0,5000,1,0,1,269.1007631835743,13.0,7299
Others,Snapdragon,8.0,2.4,Android,0.512,0.128,4605,1,0,0,362.21457849304045,67.0,995
Others,Snapdragon,4.0,2.4,Android,4.0,32.0,5000,1,0,1,269.92876553183146,33.0,7999
Xiaomi,Snapdragon,8.0,3.2,Android,8.0,128.0,5000,1,1,1,521.4077194522747,70.0,54990
Vivo,Dimensity,8.0,2.4,Android,12.0,256.0,5000,1,1,1,394.57353282389164,82.0,49990
Others,Snapdragon,8.0,3.0,Android,12.0,256.0,4500,1,1,1,429.330334341274,250.0,54990
Apple,Bionic,6.0,3.22,iOS,8.0,128.0,4605,1,1,1,362.21457849304045,67.0,49990
Tecno,Dimensity,8.0,2.4,Android,4.0,128.0,6000,1,0,1,387.03021528461136,58.0,15499
Apple,Bionic,6.0,2.4,iOS,6.0,512.0,4323,1,1,1,459.5879875379156,60.0,169900
Others,Google,8.0,2.4,Android,8.0,128.0,4830,1,1,1,398.7584036265693,60.1,53990
Vivo,Dimensity,8.0,3.0,Android,8.0,128.0,6000,1,1,1,401.07946472241093,66.0,18990
Motorola,Snapdragon,8.0,2.2,Android,4.0,64.0,5000,1,1,1,407.0656941316021,66.0,16999
Motorola,Snapdragon,8.0,2.36,Android,8.0,128.0,4200,1,1,1,406.57740152639155,82.0,34999
Vivo,Snapdragon,8.0,3.0,Android,12.0,512.0,5000,1,1,1,485.7142857142857,66.0,82990
Realme,Snapdragon,8.0,3.0,Android,12.0,256.0,5000,1,1,1,525.9210168998101,82.0,46999
Others,Snapdragon,8.0,2.4,Android,6.0,128.0,4000,1,0,1,391.1741838969842,80.0,16999
Samsung,Unisoc,8.0,1.6,Android,4.0,64.0,5000,1,0,1,264.3290042451019,53.0,11499
Samsung,Snapdragon,8.0,3.0,Android,8.0,256.0,4500,1,1,1,390.48602899844605,60.0,88999
Vivo,Snapdragon,8.0,2.4,Android,8.0,128.0,5000,1,0,1,401.07946472241093,66.0,15990
Xiaomi,Dimensity,8.0,2.5,Android,8.0,128.0,5160,1,1,1,394.57353282389164,124.0,24990
OPPO,Snapdragon,8.0,3.0,Android,8.0,256.0,5000,1,1,1,525.9210168998101,82.0,79990
Tecno,Helio,8.0,2.4,Android,2.0,32.0,5000,1,0,1,269.5141284111989,21.0,6249
Vivo,Snapdragon,8.0,2.4,Android,3.0,64.0,5000,1,0,1,269.5141284111989,21.0,12499
Xiaomi,Helio,8.0,2.0,Android,2.0,32.0,5000,1,0,1,268.68866400565156,18.0,6499
Apple,Bionic,6.0,3.22,iOS,6.0,1000.0,4352,1,1,1,456.7734819486999,24.0,179900
Vivo,Snapdragon,8.0,2.0,Android,3.0,64.0,5000,1,0,1,269.5141284111989,21.0,11990
Vivo,Helio,8.0,2.05,Android,8.0,128.0,4050,1,0,1,408.66544471045916,114.0,26990
Samsung,Helio,8.0,2.0,Android,6.0,128.0,6000,1,0,1,274.14640249326635,61.0,13499
Xiaomi,Snapdragon,8.0,3.2,Android,12.0,256.0,4800,1,1,1,521.4077194522747,70.0,75999
Others,Tiger,8.0,1.8,Android,3.0,32.0,5000,1,0,1,269.1007631835743,13.0,5999
Samsung,Helio,8.0,2.3,Android,3.0,32.0,5000,1,0,1,269.92876553183146,18.0,8499
OPPO,Helio,8.0,2.3,Android,4.0,128.0,5000,1,0,1,269.5141284111989,29.0,11990
Xiaomi,Dimensity,8.0,2.2,Android,4.0,128.0,5000,1,1,1,400.80992090042673,61.0,10990
Xiaomi,Snapdragon,8.0,2.84,Android,12.0,256.0,5020,1,1,1,387.01622971285894,67.0,109990
Realme,Dimensity,8.0,2.2,Android,6.0,128.0,5000,1,1,1,404.89314829774725,64.0,16999
OPPO,Helio,8.0,2.3,Android,4.0,64.0,5000,1,0,1,269.5141284111989,29.0,12199
OPPO,Helio,8.0,2.3,Android,4.0,128.0,4230,1,0,1,269.1007631835743,21.0,11490
Others,Snapdragon,4.0,2.4,Android,1.0,16.0,4000,1,0,1,292.42282932615075,13.0,5490
Xiaomi,Snapdragon,8.0,2.0,Android,4.0,64.0,6000,1,0,1,394.6719435512624,56.0,11499
Samsung,Exynos,8.0,2.9,Android,8.0,128.0,4800,1,1,1,392.8067856619936,74.0,59450
POCO,Snapdragon,8.0,2.3,Android,4.0,64.0,5000,1,0,1,394.57353282389164,64.0,12799
Samsung,Exynos,8.0,2.73,Android,8.0,128.0,4500,1,0,1,523.742380882658,74.0,83000
Realme,Snapdragon,8.0,2.3,Android,6.0,64.0,4300,1,0,1,398.7584036265693,80.0,14490
Huawei,Kirin,8.0,2.86,Android,8.0,256.0,4200,1,1,1,440.71900207639777,82.0,82990
Vivo,Snapdragon,8.0,2.0,Android,3.0,32.0,5000,1,0,1,268.287302636844,21.0,9490
Vivo,Snapdragon,8.0,2.0,Android,8.0,128.0,3700,1,0,1,399.9118243530421,80.0,25000
Vivo,Snapdragon,8.0,1.95,Android,4.0,64.0,4030,1,0,1,270.4025214357381,33.0,15000
Vivo,Helio,8.0,2.0,Android,4.0,128.0,3315,1,0,1,400.4532579357836,41.0,20990
Samsung,Exynos,8.0,2.8,Android,6.0,128.0,3500,1,0,1,530.9171770694447,20.0,34999
Realme,Snapdragon,8.0,3.0,Android,8.0,128.0,5000,1,1,1,391.0557895892061,66.0,29999
Vivo,Dimensity,8.0,2.0,Android,4.0,128.0,6000,1,1,1,269.5141284111989,18.0,11999
Samsung,Helio,8.0,2.3,Android,4.0,128.0,5000,1,0,1,269.92876553183146,55.0,12999
Others,Snapdragon,8.0,3.0,Android,12.0,256.0,5000,1,1,1,455.5670338315204,59.800000000000004,124990
Xiaomi,Dimensity,8.0,3.1,Android,8.0,128.0,5080,1,1,1,402.79364037010095,82.0,28999
Infinix,Helio,8.0,2.05,Android,8.0,128.0,5000,1,0,1,396.2586403050993,58.0,12999
Realme,Snapdragon,8.0,3.2,Android,8.0,256.0,5000,1,1,1,397.5536954585132,80.0,28499
Apple,Bionic,6.0,3.22,iOS,6.0,512.0,4325,1,1,1,456.7734819486999,24.0,104999
Apple,Bionic,6.0,2.4,iOS,6.0,1000.0,3200,1,1,1,461.4448931470025,60.0,172999
Xiaomi,Snapdragon,8.0,2.0,Android,6.0,128.0,5100,1,1,1,392.1401007241402,80.0,17990
Xiaomi,Helio,8.0,2.2,Android,6.0,128.0,5000,1,0,1,399.97043524853456,58.0,13774
Others,Snapdragon,8.0,2.4,Android,0.512,0.128,4605,1,0,1,362.21457849304045,67.0,2239
Nokia,Unisoc,8.0,1.6,Android,4.0,64.0,5050,1,0,1,269.1007631835743,18.0,8999
OnePlus,Dimensity,8.0,2.4,Android,4.0,64.0,5000,1,1,1,269.1291008656963,64.0,18990
Tecno,Helio,8.0,2.0,Android,6.0,128.0,5000,1,0,1,387.03021528461136,80.0,14999
Realme,Tiger,8.0,1.82,Android,3.0,32.0,5000,1,0,1,269.92876553183146,13.0,7999
Xiaomi,Snapdragon,8.0,3.2,Android,8.0,128.0,5000,1,1,1,445.8434858692056,128.0,39999
OPPO,Helio,8.0,2.3,Android,3.0,64.0,5000,1,0,1,269.1291008656963,21.0,11990
Infinix,Helio,8.0,2.0,Android,6.0,128.0,5000,1,0,1,392.8067856619936,66.0,12999
Samsung,Exynos,8.0,2.4,Android,8.0,128.0,4500,1,1,1,404.89314829774725,96.0,54999
Samsung,Exynos,8.0,2.4,Android,6.0,128.0,6000,1,1,1,392.8067856619936,96.0,24990
Vivo,Dimensity,8.0,3.05,Android,12.0,256.0,4500,1,1,1,388.1718973355984,82.0,59999
POCO,Snapdragon,8.0,2.4,Android,6.0,128.0,5000,1,1,1,394.57353282389164,96.0,19999
Infinix,Helio,8.0,2.05,Android,8.0,128.0,5000,1,0,1,392.8067856619936,66.0,16999
Samsung,Exynos,8.0,2.4,Android,4.0,64.0,6000,1,0,1,269.92876553183146,56.0,14999
Vivo,Snapdragon,8.0,2.4,Android,8.0,128.0,4500,1,1,1,409.7985835207242,66.0,29990
Xiaomi,Helio,8.0,2.05,Android,6.0,128.0,5000,1,0,1,394.57353282389164,124.0,17999
Realme,Tiger,8.0,1.82,Android,4.0,64.0,5000,1,0,1,399.8640724050703,58.0,11399
Others,Snapdragon,8.0,2.4,Android,0.032,0.032,1000,1,0,0,196.575622366157,17.3,599
Vivo,Dimensity,8.0,2.2,Android,8.0,128.0,6000,1,1,1,401.07946472241093,58.0,19990
Vivo,Snapdragon,8.0,2.4,Android,4.0,128.0,5000,1,0,1,269.5141284111989,58.0,15499
Others,Tiger,4.0,2.0,Android,3.0,32.0,4800,1,0,1,258.02014352307424,18.0,6999
Xiaomi,Snapdragon,8.0,2.3,Android,4.0,128.0,5020,1,0,1,394.57353282389164,64.0,12499
Apple,Bionic,6.0,3.22,iOS,4.0,512.0,3240,1,1,1,457.2543463119592,24.0,91999
Infinix,Helio,8.0,2.0,Android,4.0,64.0,5000,1,0,1,398.961417408772,58.0,9690
Realme,Snapdragon,8.0,3.2,Android,8.0,128.0,4500,1,1,1,401.8023609061614,82.0,32990
Xiaomi,Snapdragon,8.0,3.0,Android,8.0,128.0,4500,1,1,1,419.0773031744199,82.0,42990
Others,Snapdragon,4.0,1.3,Android,2.0,16.0,2000,0,0,1,200.0,67.0,14999
Xiaomi,Snapdragon,8.0,2.3,Android,8.0,128.0,4250,1,0,1,401.8023609061614,80.0,18699
Others,Unisoc,8.0,2.4,Android,0.032,0.032,1900,1,0,0,142.85714285714286,17.3,1749
Realme,Dimensity,8.0,2.2,Android,4.0,128.0,5000,1,1,1,404.89314829774725,64.0,10990
Xiaomi,Snapdragon,8.0,2.84,Android,8.0,128.0,4520,1,1,1,394.57353282389164,128.0,30990
Others,Snapdragon,8.0,2.84,Android,16.0,512.0,5000,1,1,1,404.89314829774725,84.0,59999
Samsung,Exynos,8.0,2.73,Android,6.0,128.0,7000,1,0,1,392.22138061629767,96.0,23999
Realme,Dimensity,8.0,2.0,Android,4.0,128.0,5000,1,1,1,269.92876553183146,21.0,9999
Nokia,Unisoc,8.0,2.4,Android,0.064,0.128,1150,1,0,0,166.66666666666669,67.0,3099
Apple,Bionic,6.0,3.1,iOS,6.0,256.0,4605,1,1,1,362.21457849304045,67.0,119900
Xiaomi,Helio,8.0,2.0,Android,4.0,128.0,5000,1,0,1,268.68866400565156,18.0,9299
Realme,Helio,8.0,2.05,Android,6.0,64.0,4300,1,0,1,404.89314829774725,80.0,12989
Samsung,Exynos,4.0,1.5,Android,1.0,16.0,3000,1,0,1,310.53646205948655,13.0,4999
Others,Snapdragon,8.0,2.4,Android,8.0,128.0,4605,0,0,1,362.21457849304045,67.0,11999
OPPO,Snapdragon,8.0,2.4,Android,8.0,128.0,4300,1,1,1,409.3010052776606,96.0,29990
OPPO,Helio,8.0,2.3,Android,6.0,128.0,4230,1,0,1,269.92876553183146,20.0,12490
Others,Snapdragon,8.0,2.0,Android,4.0,128.0,3600,1,0,1,456.94638635183446,20.0,27999
Vivo,Helio,8.0,2.0,Android,2.0,32.0,4030,1,0,1,270.4025214357381,18.0,8199
Huawei,Kirin,8.0,2.2,Android,8.0,128.0,4200,1,0,1,402.68871740464743,64.0,21990
Vivo,Helio,8.0,2.0,Android,4.0,128.0,5000,1,0,1,394.6719435512624,32.0,20000
Vivo,Snapdragon,8.0,2.0,Android,6.0,64.0,5000,1,0,1,394.6719435512624,32.0,11990
Xiaomi,Helio,8.0,2.0,Android,4.0,64.0,5020,1,0,1,394.6719435512624,61.0,11989
Xiaomi,Snapdragon,8.0,2.0,Android,4.0,64.0,5000,1,0,1,270.4025214357381,20.0,11490
Motorola,Helio,8.0,2.0,Android,4.0,64.0,4000,1,0,1,271.27478763391787,21.0,11490
Others,Snapdragon,8.0,2.0,Android,4.0,64.0,3700,0,0,1,402.49223594996215,20.2,15999
Samsung,Exynos,8.0,2.2,Android,4.0,64.0,3100,1,0,1,436.8148798965667,41.0,17990
Samsung,Exynos,8.0,2.7,Android,8.0,256.0,4500,0,1,1,502.0608009941167,26.0,78990
Huawei,Kirin,8.0,2.36,Android,4.0,64.0,3000,1,0,1,431.99580907456107,29.0,10949
Xiaomi,Snapdragon,8.0,2.0,Android,4.0,64.0,4100,1,0,1,400.52857637859967,18.0,10300
Others,Snapdragon,1.0,2.4,Android,0.048,0.048,2500,1,0,0,444.44444444444446,19.0,1899
Huawei,Kirin,8.0,2.4,Others,4.0,64.0,5000,1,0,1,269.1007631835743,55.0,21990
iQOO,Snapdragon,8.0,2.4,Android,8.0,128.0,5000,1,1,1,396.2148590587024,80.0,19990
Vivo,Snapdragon,8.0,2.4,Android,8.0,256.0,5000,1,1,1,394.57353282389164,96.0,32990
POCO,Helio,8.0,2.2,Android,6.0,128.0,5000,1,0,1,399.97043524853456,58.0,14499
Nokia,Snapdragon,8.0,2.2,Android,6.0,128.0,4200,1,1,1,409.3010052776606,66.0,41990
Tecno,Helio,8.0,2.0,Android,6.0,128.0,7000,1,0,1,257.2634862106898,24.0,13990
Nokia,Snapdragon,8.0,2.4,Android,0.004,0.004,1000,1,0,0,112.99435028248587,67.0,1599
Nokia,Snapdragon,8.0,2.4,Android,0.512,0.128,4605,1,0,0,362.21457849304045,67.0,4799
Vivo,Helio,8.0,2.3,Android,3.0,64.0,5000,1,0,1,269.5141284111989,21.0,10490
Huawei,Snapdragon,8.0,2.4,Others,8.0,128.0,4000,1,0,1,394.57353282389164,110.0,29990
Huawei,Snapdragon,8.0,2.4,Others,8.0,128.0,5000,1,0,1,391.1741838969842,58.0,22990
Samsung,Dimensity,8.0,3.0,Android,8.0,128.0,5000,1,1,1,392.8067856619936,64.0,47990
Infinix,Helio,8.0,2.05,Android,8.0,128.0,4500,1,0,1,392.8067856619936,124.0,19999
OnePlus,Snapdragon,8.0,2.36,Android,8.0,128.0,4500,1,1,1,411.00359407800084,82.0,29999
Realme,Tiger,8.0,1.82,Android,4.0,128.0,5000,1,0,1,399.8640724050703,58.0,11879
OnePlus,Dimensity,8.0,2.85,Android,8.0,128.0,4500,1,1,1,394.44076267485747,66.0,28990
iQOO,Snapdragon,8.0,2.9,Android,12.0,256.0,4350,1,1,1,397.85639181347983,64.0,39990
Xiaomi,Dimensity,8.0,2.0,Android,6.0,64.0,5000,1,1,1,403.65114477536156,80.0,15999
OPPO,Snapdragon,8.0,2.2,Android,8.0,256.0,4500,1,1,1,409.3010052776606,64.0,22990
Others,Snapdragon,8.0,2.84,Android,8.0,128.0,3360,1,1,1,333.3333333333333,67.0,149999
Tecno,Helio,8.0,2.0,Android,4.0,128.0,5000,1,0,1,395.09317371596666,64.0,11499
Tecno,Helio,8.0,2.05,Android,8.0,256.0,5000,1,0,1,392.8067856619936,98.0,22999
Tecno,Helio,8.0,2.3,Android,4.0,64.0,5000,1,0,1,265.83893575104617,58.0,7999
Realme,Snapdragon,8.0,3.2,Android,8.0,128.0,5000,1,1,1,397.5536954585132,80.0,31999
Others,Snapdragon,8.0,2.0,Android,6.0,64.0,4500,0,1,1,456.94638635183446,20.0,30990
Realme,Helio,8.0,2.3,Android,3.0,32.0,6000,1,0,1,269.1007631835743,18.0,7999
Tecno,Helio,8.0,2.0,Android,4.0,64.0,7000,1,0,1,386.5659829163415,56.0,10999
POCO,Dimensity,8.0,2.2,Android,6.0,128.0,5000,1,1,1,394.57353282389164,66.0,14990
Motorola,Snapdragon,8.0,2.3,Android,4.0,64.0,6000,1,0,1,396.2586403050993,80.0,14499
OnePlus,Snapdragon,8.0,2.84,Android,8.0,128.0,4500,1,1,1,401.8023609061614,124.0,44999
Realme,Helio,8.0,2.0,Android,8.0,128.0,5000,1,0,1,411.2196037398995,80.0,17999
Realme,Dimensity,8.0,2.4,Android,8.0,128.0,5000,1,1,1,404.89314829774725,64.0,19999
Others,Unisoc,4.0,1.4,Android,1.0,8.0,2400,1,0,1,195.93019164998537,7.0,3999
Samsung,Exynos,8.0,2.9,Android,12.0,128.0,5000,1,1,1,516.0402870461485,148.0,101999
OPPO,Dimensity,8.0,2.6,Android,8.0,128.0,4350,1,1,1,403.03299600847737,96.0,38700
OnePlus,Snapdragon,8.0,2.0,Android,4.0,64.0,4500,1,0,1,417.7468990373583,61.0,19999
Samsung,Exynos,8.0,2.0,Android,4.0,64.0,6000,1,0,1,269.92876553183146,56.0,10999
OnePlus,Snapdragon,8.0,1.8,Android,4.0,64.0,5000,1,0,1,269.1007631835743,21.0,16990
Apple,Bionic,6.0,3.1,iOS,4.0,256.0,4605,1,1,1,362.21457849304045,67.0,55999
Apple,Bionic,6.0,3.1,iOS,4.0,256.0,4605,1,1,1,362.21457849304045,67.0,67999
OPPO,Helio,8.0,2.3,Android,3.0,32.0,4230,1,0,1,269.1007631835743,18.0,9999
Xiaomi,Snapdragon,8.0,2.3,Android,4.0,128.0,5020,1,0,1,394.57353282389164,64.0,14439
Nokia,Snapdragon,8.0,2.4,Android,0.512,0.128,1020,1,0,0,166.66666666666669,17.3,2499
OPPO,Helio,8.0,1.8,Android,3.0,32.0,4230,1,0,1,270.4025214357381,18.0,9990
Realme,Snapdragon,8.0,2.84,Android,8.0,128.0,4200,1,1,1,408.66544471045916,96.0,24999
Samsung,Exynos,8.0,2.73,Android,8.0,128.0,4500,1,1,1,523.742380882658,74.0,85990
Xiaomi,Helio,8.0,2.05,Android,6.0,64.0,4500,1,0,1,394.6719435512624,84.0,16999
Realme,Helio,8.0,2.1,Android,2.0,16.0,4000,1,0,1,271.27478763391787,21.0,8999
OPPO,Helio,8.0,2.5,Android,3.0,32.0,3200,1,0,1,402.49223594996215,29.0,15990
Nokia,Snapdragon,8.0,2.4,Android,0.512,0.128,4605,1,0,1,362.21457849304045,67.0,3999
Others,Snapdragon,8.0,1.5,Android,3.0,32.0,2500,1,0,1,440.58143401645964,26.0,3890
Samsung,Exynos,8.0,2.4,Android,0.512,0.128,4605,0,0,0,362.21457849304045,67.0,1685
Apple,Bionic,6.0,2.4,iOS,8.0,128.0,4532,1,1,1,456.09274650615345,24.0,84990
Vivo,Dimensity,8.0,2.2,Android,4.0,128.0,5000,1,1,1,401.07946472241093,58.0,21999
Others,Snapdragon,8.0,2.4,Android,0.512,0.128,4605,1,0,0,362.21457849304045,67.0,2099
Others,Helio,8.0,2.3,Android,4.0,64.0,5000,1,0,1,269.92876553183146,21.0,8999
Others,Snapdragon,8.0,2.4,Android,0.016,0.016,1000,1,0,0,204.87876571761973,17.3,649
Tecno,Dimensity,8.0,2.2,Android,6.0,128.0,5000,1,1,1,393.3577717816359,66.0,20999
OPPO,Dimensity,8.0,3.0,Android,8.0,128.0,4500,1,1,1,409.3010052776606,82.0,32990
Motorola,Helio,8.0,2.3,Android,4.0,64.0,5000,1,0,1,269.92876553183146,24.0,9022
Xiaomi,Helio,4.0,2.0,Android,3.0,32.0,5000,1,0,1,269.1007631835743,13.0,8399
Infinix,Helio,8.0,2.0,Android,3.0,64.0,5000,1,0,1,267.49801540590414,21.0,9999
Tecno,Helio,8.0,2.3,Android,3.0,64.0,5000,1,0,1,265.83893575104617,21.0,8390
Others,Snapdragon,8.0,3.2,Android,6.0,128.0,4200,1,1,1,389.3671856910976,66.0,19999
Others,Helio,8.0,2.0,Android,4.0,64.0,5000,1,0,1,269.92876553183146,55.0,13999
Xiaomi,Snapdragon,8.0,2.4,Android,8.0,128.0,4500,1,1,1,401.8023609061614,82.0,29999
Others,Helio,8.0,2.0,Android,3.0,32.0,3000,1,0,1,268.32815729997475,18.0,8990
Samsung,Snapdragon,8.0,3.2,Android,12.0,1000.0,4400,1,1,1,372.58734498086375,67.0,163980
Others,Snapdragon,8.0,2.5,Android,6.0,128.0,5000,1,1,1,401.8023609061614,66.0,24990
Motorola,Snapdragon,8.0,3.2,Android,8.0,128.0,4450,1,1,1,386.38797472110105,260.0,59990
OnePlus,Snapdragon,8.0,3.2,Android,12.0,256.0,4800,1,1,1,394.44076267485747,66.0,47990
Realme,Snapdragon,8.0,3.2,Android,8.0,128.0,5000,1,1,1,394.44076267485747,66.0,40990
Samsung,Exynos,8.0,2.4,Android,8.0,128.0,6000,1,0,1,404.89314829774725,96.0,22999
Samsung,Exynos,8.0,2.4,Android,4.0,64.0,5000,1,0,1,264.3290042451019,53.0,12990
Infinix,Helio,8.0,2.0,Android,8.0,128.0,5000,1,0,1,392.8067856619936,66.0,14999
POCO,Dimensity,8.0,3.0,Android,8.0,128.0,4500,1,1,1,396.2148590587024,84.0,42999
iQOO,Snapdragon,8.0,2.2,Android,4.0,128.0,5000,1,1,1,401.6342112342774,66.0,14999
Vivo,Snapdragon,8.0,2.4,Android,8.0,128.0,5000,1,0,1,408.66544471045916,66.0,22990
Vivo,Snapdragon,8.0,3.0,Android,12.0,512.0,4600,1,1,1,359.56747090184024,67.0,118990
OPPO,Snapdragon,8.0,2.84,Android,8.0,128.0,5000,1,1,1,397.5536954585132,66.0,29990
Tecno,Unisoc,8.0,2.0,Android,3.0,64.0,5000,1,0,1,267.49801540590414,21.0,7399
iQOO,Snapdragon,8.0,2.2,Android,8.0,128.0,4200,1,1,1,394.57353282389164,66.0,17999
Infinix,Helio,8.0,2.0,Android,6.0,128.0,5000,1,0,1,392.8067856619936,66.0,12799
Xiaomi,Dimensity,8.0,2.5,Android,8.0,128.0,4500,1,1,1,394.57353282389164,124.0,26999
Samsung,Dimensity,8.0,2.2,Android,8.0,128.0,5000,1,1,1,399.8640724050703,72.0,22999
Apple,Bionic,6.0,3.22,iOS,6.0,1000.0,3095,1,1,1,457.2543463119592,24.0,147900
Others,Snapdragon,8.0,2.9,Android,8.0,128.0,5050,1,1,1,387.03021528461136,72.0,44999
Others,Unisoc,8.0,1.8,Android,6.0,64.0,5000,1,0,1,269.1007631835743,18.0,7790
Nokia,Snapdragon,8.0,3.2,Others,6.0,128.0,6000,1,1,1,404.2711926167984,216.0,39990
Vivo,Snapdragon,8.0,2.0,Android,3.0,32.0,5000,1,0,1,269.5141284111989,21.0,9999
OPPO,Snapdragon,8.0,2.4,Android,6.0,128.0,4000,1,1,1,404.89314829774725,80.0,22990
POCO,Dimensity,8.0,3.0,Android,6.0,128.0,5065,1,1,1,394.57353282389164,80.0,32999
Others,Snapdragon,8.0,2.4,Android,6.0,128.0,4300,1,1,1,392.2690702267494,140.0,32990
OPPO,Helio,8.0,2.3,Android,6.0,128.0,5000,1,0,1,269.5141284111989,29.0,14999
Realme,Helio,8.0,2.05,Android,4.0,64.0,5000,1,0,1,400.4171378669008,66.0,12499
iQOO,Snapdragon,8.0,2.84,Android,8.0,128.0,4000,1,1,1,397.5536954585132,64.0,39990
Realme,Unisoc,8.0,1.6,Android,2.0,32.0,5000,1,0,1,269.1007631835743,13.0,6499
Samsung,Helio,8.0,2.0,Android,6.0,128.0,5000,1,0,1,274.14640249326635,61.0,18499
Realme,Snapdragon,8.0,2.84,Android,8.0,128.0,4500,1,1,1,409.3010052776606,80.0,30994
Others,Snapdragon,8.0,2.4,Android,6.0,128.0,4620,0,1,1,415.11127191409423,24.0,32999
Samsung,Exynos,8.0,2.0,Android,4.0,64.0,6000,1,0,1,269.92876553183146,56.0,10499
Samsung,Exynos,8.0,2.3,Android,6.0,128.0,6000,1,0,1,402.68871740464743,96.0,19999
Samsung,Exynos,8.0,2.0,Android,6.0,128.0,5000,1,0,1,269.92876553183146,61.0,17499
Xiaomi,Helio,8.0,2.0,Android,6.0,128.0,5000,1,0,1,268.68866400565156,18.0,10990
Vivo,Snapdragon,8.0,2.0,Android,8.0,128.0,4100,1,0,1,408.66544471045916,80.0,19000
OPPO,Snapdragon,8.0,1.8,Android,6.0,128.0,5000,1,0,1,269.92876553183146,29.0,13990
Realme,Helio,8.0,2.0,Android,4.0,64.0,6000,1,0,1,269.92876553183146,56.0,10499
Others,Unisoc,8.0,1.6,Android,3.0,32.0,4000,1,0,1,276.17466064536796,13.0,5890
Realme,Helio,8.0,2.3,Android,2.0,32.0,5000,1,0,1,269.92876553183146,18.0,6490
Xiaomi,Snapdragon,8.0,2.84,Android,8.0,256.0,4780,1,1,1,386.38797472110105,128.0,54999
Vivo,Snapdragon,8.0,1.8,Android,4.0,64.0,5000,1,0,1,262.09605719137835,26.0,9990
OnePlus,Snapdragon,8.0,2.4,Android,8.0,128.0,4300,1,0,1,401.8023609061614,80.0,24999
Nokia,Snapdragon,8.0,2.4,Android,0.512,0.128,4605,1,0,0,362.21457849304045,67.0,3399
Others,Snapdragon,8.0,2.84,Android,12.0,256.0,3730,1,0,1,535.3718831377287,64.0,59990
Samsung,Exynos,8.0,2.4,Android,2.0,32.0,4000,1,0,1,268.4591449364316,21.0,9990
Realme,Helio,8.0,2.0,Android,2.0,16.0,4000,1,0,1,281.6620537037971,18.0,6999
Huawei,Kirin,8.0,2.86,Others,8.0,512.0,4500,1,1,1,414.3971524998694,67.0,169000
Samsung,Snapdragon,8.0,2.2,Android,6.0,128.0,3400,1,0,1,402.68871740464743,48.0,39990
Samsung,Exynos,8.0,2.2,Android,4.0,64.0,3300,1,0,1,411.46081222881963,48.0,21490
Vivo,Snapdragon,4.0,1.2,Android,3.0,16.0,2730,1,0,1,282.42399616439724,18.0,13490
POCO,Helio,8.0,2.0,Android,4.0,64.0,5000,1,0,1,268.2935890672578,55.0,7999
Others,Helio,8.0,2.3,Android,4.0,64.0,5180,1,1,1,281.6620537037971,21.0,8990
Others,Helio,8.0,2.3,Android,6.0,128.0,5000,1,0,1,259.93140384546734,58.0,13999
Others,Snapdragon,8.0,2.4,Android,0.512,0.128,4605,1,0,0,362.21457849304045,67.0,1999
OPPO,Dimensity,8.0,2.2,Android,6.0,128.0,5000,1,1,1,269.1291008656963,21.0,13990
Others,Helio,8.0,2.05,Android,8.0,128.0,6000,1,0,1,409.08060180789585,140.0,14999
Others,Helio,4.0,2.0,Android,3.0,32.0,4000,1,0,1,269.92876553183146,13.0,6999
Motorola,Snapdragon,8.0,3.2,Android,8.0,128.0,4500,1,1,1,394.57353282389164,82.0,42990
Others,Snapdragon,4.0,2.4,Android,4.0,64.0,5000,1,0,1,251.92647032157802,33.0,6799
Others,Helio,8.0,2.0,Android,6.0,128.0,8000,1,0,1,287.01428043179027,24.0,25899
Xiaomi,Snapdragon,8.0,3.2,Android,12.0,256.0,5000,1,1,1,545.7346737035473,82.0,54999
Motorola,Snapdragon,8.0,3.2,Android,8.0,128.0,5000,1,1,1,398.7584036265693,82.0,49990
Xiaomi,Dimensity,8.0,3.1,Android,8.0,256.0,5000,1,1,1,392.8067856619936,96.0,32990
Realme,Tiger,8.0,1.82,Android,4.0,64.0,5000,1,0,1,269.92876553183146,13.0,8720
OPPO,Snapdragon,8.0,3.2,Android,8.0,256.0,4700,1,1,1,391.0557895892061,82.0,69990
Others,Unisoc,4.0,1.4,Android,2.0,32.0,3020,1,0,1,195.93019164998537,19.0,4787
Others,Google,8.0,2.4,Android,12.0,256.0,5000,1,1,1,510.59094430703186,62.0,70990
Vivo,Snapdragon,8.0,3.2,Android,12.0,256.0,4800,1,1,1,359.56747090184024,67.0,119990
Motorola,Snapdragon,8.0,3.0,Android,8.0,128.0,5000,1,1,1,402.79364037010095,80.0,34990
Others,Snapdragon,8.0,2.2,Android,6.0,128.0,5000,1,1,1,269.92876553183146,56.0,14990
POCO,Dimensity,8.0,2.85,Android,8.0,256.0,5080,1,1,1,407.0656941316021,80.0,28990
Motorola,Snapdragon,8.0,2.2,Android,6.0,128.0,5000,1,1,1,387.03021528461136,140.0,19990
Samsung,Exynos,8.0,2.4,Android,8.0,128.0,5000,1,1,1,404.89314829774725,96.0,24990
